"feedback_text","sentiment_label"
"Mặc dù stress nặng nhưng em vẫn làm được bài tập được.","NEUTRAL"
"Em đang phải vừa lo mất ngủ liên tục mấy tuần nay vừa lo tâm trạng gần đây, cảm giác mất động lực thật sự, không biết trụ được bao lâu.","NEGATIVE"
"Mặc dù bực bội không kiểm soát được nhưng em vẫn hiểu được nội dung chính được.","NEUTRAL"
"Dù hơi không theo kịp thật nhưng em vẫn đang theo kịp bài bình thường.","NEUTRAL"
"Chưa hứng thú lắm, nhưng em vẫn hoàn thành bài đúng hạn.","NEUTRAL"
"áp lực thi cử không làm em nản, em vẫn theo kịp bài như thường.","POSITIVE"
"Có lúc thấy mất động lực nhưng nhìn chung em vẫn giữ được tâm lý tốt.","NEUTRAL"
"Bài hôm nay hơi khó hiểu, em cần xem lại một chút.","NEUTRAL"
"Do sức khoẻ không tốt dạo này kéo dài, em trở nên dễ nản với xung quanh, kể cả với cảm giác mất phương hướng dù không muốn vậy.","NEGATIVE"
"Em thấy tiến bộ rõ so với đầu kỳ.","POSITIVE"
"Tưởng sẽ ổn định nhưng cuối cùng em lại thấy cảm thấy bất an.","NEGATIVE"
"Tâm trạng em tốt hơn hẳn, nhìn lại lo âu về tương lai em thấy chill hơn hẳn và dễ xử lý hơn trước.","POSITIVE"
"Dù bài hơi khó, em vẫn cảm thấy ổn và làm được bài tập được.","POSITIVE"
"Tâm trạng em tốt hơn hẳn, nhìn lại bài kiểm tra giữa kỳ em thấy yên tâm hơn nhiều và dễ xử lý hơn trước.","POSITIVE"
"Dù hơi đuối sức thật nhưng em vẫn đang hiểu được nội dung chính bình thường.","NEUTRAL"
"Em thấy chán, học mãi mà không thấy hiểu thêm được gì.","NEGATIVE"
"Tuy rất mệt mỏi nhưng nhìn chung em vẫn xử lý ổn mọi thứ.","NEUTRAL"
"Tưởng sẽ theo kịp nhưng cuối cùng em lại thấy không theo kịp.","NEGATIVE"
"Hơi quá tải thật sự nhưng em vẫn xử lý ổn mọi thứ.","NEUTRAL"
"Gần đây em cân đối được thời gian hơn nên thời gian tự do không còn là áp lực lớn, em thấy thoải mái và nhẹ nhõm.","POSITIVE"
"Có lúc thấy kiệt sức nhưng nhìn chung em vẫn giữ được tâm lý tốt.","NEUTRAL"
"Dạo này tinh thần em khá ổn, đối mặt với đi lại hàng ngày em thấy có động lực hơn hẳn và dễ chịu hơn trước.","POSITIVE"
"Tâm trạng em tốt hơn hẳn, nhìn lại định hướng nghề nghiệp em thấy có động lực hơn hẳn và dễ xử lý hơn trước.","POSITIVE"
"Nhờ em chủ động hỏi thêm nên em có thêm năng lượng, thấy phấn khởi hơn nhiều với mọi thứ, kể cả tâm lý bất ổn.","POSITIVE"
"Môn này bình thường thôi, không quá khó cũng không quá dễ.","NEUTRAL"
"Dạo này em đang gặp chuyện nhóm không làm việc được với nhau, vì thế khi đối mặt với tâm lý bất ổn cứ thấy căng thẳng và khó tập trung.","NEGATIVE"
"Mặc dù không tập trung được nhưng em vẫn xử lý ổn mọi thứ được.","NEUTRAL"
"Tưởng sẽ hiểu bài nhưng cuối cùng em lại thấy cáu gắt liên tục.","NEGATIVE"
"Cứ tưởng sẽ dễ hiểu bài hơn nhưng thực ra em đang rất mệt mỏi nhiều lắm.","NEGATIVE"
"Dù hơi không tập trung được thật nhưng em vẫn đang vẫn học ổn bình thường.","NEUTRAL"
"Dạo này tinh thần em khá ổn, đối mặt với đau đầu liên tục em thấy khá tự tin và dễ chịu hơn trước.","POSITIVE"
"Tâm trạng em tốt hơn hẳn, nhìn lại nỗi sợ thất bại em thấy rất ổn và dễ xử lý hơn trước.","POSITIVE"
"Tưởng sẽ theo kịp nhưng cuối cùng em lại thấy bực bội không kiểm soát được.","NEGATIVE"
"Em cũng muốn hiểu bài lắm nhưng hiện tại chỉ thấy quá tải thật sự thôi.","NEGATIVE"
"Tâm trạng em tốt hơn hẳn, nhìn lại sự phù hợp của ngành học em thấy hài lòng ghê và dễ xử lý hơn trước.","POSITIVE"
"Dù áp lực vì áp lực thi cử nhưng cuối cùng em vẫn vẫn học ổn.","POSITIVE"
"Dù tiến độ nhanh, em vẫn cảm thấy ổn và làm được bài tập được.","POSITIVE"
"Cứ tưởng sẽ dễ hiểu bài hơn nhưng thực ra em đang mất động lực nhiều lắm.","NEGATIVE"
"Tuy cáu gắt liên tục nhưng nhìn chung em vẫn theo kịp bài.","NEUTRAL"
"Dạo này tinh thần em khá ổn, đối mặt với tốc độ giảng bài em thấy hài lòng ghê và dễ chịu hơn trước.","POSITIVE"
"Cứ tưởng sẽ dễ vượt qua dễ dàng hơn nhưng thực ra em đang kiệt sức nhiều lắm.","NEGATIVE"
"Có lúc thấy rất mệt mỏi nhưng nhìn chung em vẫn giữ được tâm lý tốt.","NEUTRAL"
"Dù deadline nhiều nhưng em vẫn làm được bài tập tốt, không quá lo.","POSITIVE"
"Nhờ tâm lý thoải mái hơn nên em có thêm năng lượng, thấy thấy tiến bộ rõ với mọi thứ, kể cả tài liệu học tập.","POSITIVE"
"Gần đây em cân đối được thời gian hơn nên mục tiêu cá nhân không còn là áp lực lớn, em thấy hài lòng ghê.","POSITIVE"
"Có lúc thấy cảm thấy bất an nhưng nhìn chung em vẫn xử lý ổn mọi thứ.","NEUTRAL"
"Dù áp lực vì deadline nhiều nhưng cuối cùng em vẫn vẫn học ổn.","POSITIVE"
"Dù áp lực vì deadline nhiều nhưng cuối cùng em vẫn làm được bài tập.","POSITIVE"
"bài hơi khó không làm em nản, em vẫn vẫn học ổn như thường.","POSITIVE"
"Dù áp lực vì bài hơi khó nhưng cuối cùng em vẫn hiểu được nội dung chính.","POSITIVE"
"Dù đã cố gắng nhưng em vẫn cứ thấy đuối sức, không biết làm thế nào.","NEGATIVE"
"Em cũng muốn cân bằng được lắm nhưng hiện tại chỉ thấy đuối sức thôi.","NEGATIVE"
"Dù hơi cáu gắt liên tục thật nhưng em vẫn đang vẫn học ổn bình thường.","NEUTRAL"
"Do tài chính eo hẹp làm em lo lắng kéo dài, em trở nên căng thẳng với xung quanh, kể cả với mối quan hệ nhóm dù không muốn vậy.","NEGATIVE"
"Tưởng sẽ ổn định nhưng cuối cùng em lại thấy kiệt sức.","NEGATIVE"
"Dạo này em đang gặp chuyện kỳ vọng của gia đình quá lớn, vì thế khi đối mặt với mối quan hệ với thầy cô cứ thấy bị quá tải và khó tập trung.","NEGATIVE"
"Em cũng muốn hiểu bài lắm nhưng hiện tại chỉ thấy cảm thấy bất an thôi.","NEGATIVE"
"Dù áp lực thi cử, em vẫn cảm thấy ổn và hiểu được nội dung chính được.","POSITIVE"
"Môn này ban đầu em sợ lắm nhưng giờ thấy khá thú vị rồi.","POSITIVE"
"Nhờ tâm lý thoải mái hơn nên em có thêm năng lượng, thấy yên tâm hơn nhiều với mọi thứ, kể cả cảm giác không đủ năng lực.","POSITIVE"
"Tâm trạng em tốt hơn hẳn, nhìn lại sự phù hợp của ngành học em thấy phấn khởi hơn nhiều và dễ xử lý hơn trước.","POSITIVE"
"Mặc dù stress nặng nhưng em vẫn theo kịp bài được.","NEUTRAL"
"Hơi bực bội không kiểm soát được nhưng em vẫn xử lý ổn mọi thứ.","NEUTRAL"
"Có lúc thấy stress nặng nhưng nhìn chung em vẫn hiểu được nội dung chính.","NEUTRAL"
"Cứ tưởng sẽ dễ theo kịp hơn nhưng thực ra em đang không theo kịp nhiều lắm.","NEGATIVE"
"Em cũng muốn hiểu bài lắm nhưng hiện tại chỉ thấy không tập trung được thôi.","NEGATIVE"
"Cứ tưởng sẽ dễ vượt qua dễ dàng hơn nhưng thực ra em đang đuối sức nhiều lắm.","NEGATIVE"
"Em cảm thấy tụt hậu so với cả lớp.","NEGATIVE"
"Dù tiến độ nhanh nhưng em vẫn làm được bài tập tốt, không quá lo.","POSITIVE"
"Hơi rất mệt mỏi nhưng em vẫn làm được bài tập.","NEUTRAL"
"Cứ nghĩ mọi thứ sẽ ổn hơn nhưng em lại thấy cảm thấy bất an hoài.","NEGATIVE"
"Nhờ tâm lý thoải mái hơn nên em có thêm năng lượng, thấy tự tin hơn trước nhiều với mọi thứ, kể cả lịch học.","POSITIVE"
"Tâm trạng em tốt hơn hẳn, nhìn lại cách chấm điểm em thấy dễ tiếp thu hơn và dễ xử lý hơn trước.","POSITIVE"
"Do không có tài liệu rõ ràng kéo dài, em trở nên kiệt sức với xung quanh, kể cả với mức năng lượng hàng ngày dù không muốn vậy.","NEGATIVE"
"Dạo này tinh thần em khá ổn, đối mặt với thời gian tự do em thấy phấn khởi hơn nhiều và dễ chịu hơn trước.","POSITIVE"
"Tuy đuối sức nhưng nhìn chung em vẫn hiểu được nội dung chính.","NEUTRAL"
"Em chưa quyết định được hướng đi nên mọi thứ, kể cả tâm trạng gần đây, vẫn còn không thích không ghét.","NEUTRAL"
"Em đang phải vừa lo áp lực từ nhiều môn cùng lúc vừa lo việc ăn uống, cảm giác hơi mệt thật sự, không biết trụ được bao lâu.","NEGATIVE"
"Dù hơi đuối sức thật nhưng em vẫn đang làm được bài tập bình thường.","NEUTRAL"
"Dạo này tinh thần em khá ổn, đối mặt với đi lại hàng ngày em thấy rất ổn và dễ chịu hơn trước.","POSITIVE"
"Em đang phải vừa lo áp lực từ nhiều môn cùng lúc vừa lo áp lực từ bố mẹ, cảm giác đuối sức thật sự, không biết trụ được bao lâu.","NEGATIVE"
"Gần đây em cân đối được thời gian hơn nên đi lại hàng ngày không còn là áp lực lớn, em thấy phấn khởi hơn nhiều.","POSITIVE"
"Gần đây em cân đối được thời gian hơn nên feedback từ thầy cô không còn là áp lực lớn, em thấy tự tin hơn trước nhiều.","POSITIVE"
"Vì sức khoẻ không tốt dạo này nên dù chi tiêu hàng tháng không hẳn là quá khó, em vẫn cứ thấy đầu óc quay tít liên tục.","NEGATIVE"
"Vì áp lực từ nhiều môn cùng lúc nên dù sự phù hợp của ngành học không hẳn là quá khó, em vẫn cứ thấy không tập trung được liên tục.","NEGATIVE"
"Mặc dù quá tải thật sự nhưng em vẫn vẫn học ổn được.","NEUTRAL"
"Tâm trạng em tốt hơn hẳn, nhìn lại áp lực thi cử em thấy rất thoải mái và dễ xử lý hơn trước.","POSITIVE"
"Hơi không theo kịp nhưng em vẫn giữ được tâm lý tốt.","NEUTRAL"
"Dạo này tinh thần em khá ổn, đối mặt với bài kiểm tra giữa kỳ em thấy thấy tiến bộ rõ và dễ chịu hơn trước.","POSITIVE"
"Chuyện chuyện gia đình làm em phân tâm đang ảnh hưởng nhiều, cứ tiếp cận cảm giác không đủ năng lực mà em luôn trong trạng thái lo lắng không yên mấy ngày nay.","NEGATIVE"
"Tưởng sẽ cân bằng được nhưng cuối cùng em lại thấy bực bội không kiểm soát được.","NEGATIVE"
"Em vẫn đang cố cân bằng giữa cuộc sống và mối quan hệ với thầy cô nên nhìn chung thấy không thích không ghét thôi.","NEUTRAL"
"Em cũng muốn cân bằng được lắm nhưng hiện tại chỉ thấy stress nặng thôi.","NEGATIVE"
"Dù hơi quá tải thật sự thật nhưng em vẫn đang hiểu được nội dung chính bình thường.","NEUTRAL"
"Nhờ áp lực gia đình giảm bớt nên em có thêm năng lượng, thấy chill hơn hẳn với mọi thứ, kể cả áp lực thi cử.","POSITIVE"
"Dù lịch học dày, em vẫn cảm thấy ổn và theo kịp bài được.","POSITIVE"
"Dù tiến độ nhanh, em vẫn cảm thấy ổn và giữ được tâm lý tốt được.","POSITIVE"
"Dù hơi bực bội không kiểm soát được thật nhưng em vẫn đang giữ được tâm lý tốt bình thường.","NEUTRAL"
"Dù hơi stress nặng thật nhưng em vẫn đang theo kịp bài bình thường.","NEUTRAL"
"Tâm trạng em tốt hơn hẳn, nhìn lại mục tiêu cá nhân em thấy yên tâm hơn nhiều và dễ xử lý hơn trước.","POSITIVE"
"Có lúc thấy mất động lực nhưng nhìn chung em vẫn theo kịp bài.","NEUTRAL"
"Do tiến độ học quá nhanh kéo dài, em trở nên lo lắng không yên với xung quanh, kể cả với áp lực thi cử dù không muốn vậy.","NEGATIVE"
"Gần đây em cân đối được thời gian hơn nên việc tìm kiếm thực tập không còn là áp lực lớn, em thấy tự tin hơn trước nhiều.","POSITIVE"
"Em cũng muốn theo kịp lắm nhưng hiện tại chỉ thấy rất mệt mỏi thôi.","NEGATIVE"
"Vì không hiểu bài mà ngại hỏi nên dù mối quan hệ với thầy cô không hẳn là quá khó, em vẫn cứ thấy rất chán nản liên tục.","NEGATIVE"
"Em cũng muốn ổn định lắm nhưng hiện tại chỉ thấy không tập trung được thôi.","NEGATIVE"
"Gần đây em cân đối được thời gian hơn nên chuyện gia đình không còn là áp lực lớn, em thấy hứng thú hẳn lên.","POSITIVE"
"Cứ tưởng sẽ dễ ổn định hơn nhưng thực ra em đang cáu gắt liên tục nhiều lắm.","NEGATIVE"
"Dù hơi bực bội không kiểm soát được thật nhưng em vẫn đang vẫn học ổn bình thường.","NEUTRAL"
"Cứ nghĩ mọi thứ sẽ ổn hơn nhưng em lại thấy không theo kịp hoài.","NEGATIVE"
"Dù hơi cảm thấy bất an thật nhưng em vẫn đang giữ được tâm lý tốt bình thường.","NEUTRAL"
"Dù áp lực vì thiếu ngủ nhưng cuối cùng em vẫn vẫn học ổn.","POSITIVE"
"Cứ nghĩ mọi thứ sẽ ổn hơn nhưng em lại thấy rất mệt mỏi hoài.","NEGATIVE"
"Em biết nhóm không làm việc được với nhau không phải lỗi của ai nhưng cứ thấy đầu óc quay tít và không kiểm soát được cảm xúc.","NEGATIVE"
"Gần đây em cân đối được thời gian hơn nên lo ngại về việc làm không còn là áp lực lớn, em thấy yên tâm hơn nhiều.","POSITIVE"
"Tuy bực bội không kiểm soát được nhưng nhìn chung em vẫn vẫn học ổn.","NEUTRAL"
"Tưởng sẽ ổn định nhưng cuối cùng em lại thấy không tập trung được.","NEGATIVE"
"Dù thiếu ngủ, em vẫn cảm thấy ổn và vẫn học ổn được.","POSITIVE"
"Em cũng muốn hiểu bài lắm nhưng hiện tại chỉ thấy đuối sức thôi.","NEGATIVE"
"Cứ tưởng sẽ dễ vượt qua dễ dàng hơn nhưng thực ra em đang không theo kịp nhiều lắm.","NEGATIVE"
"Có lúc thấy stress nặng nhưng nhìn chung em vẫn xử lý ổn mọi thứ.","NEUTRAL"
"Gần đây em cân đối được thời gian hơn nên tài liệu học tập không còn là áp lực lớn, em thấy khá tự tin.","POSITIVE"
"Dù áp lực vì lịch học dày nhưng cuối cùng em vẫn giữ được tâm lý tốt.","POSITIVE"
"Mặc dù không theo kịp nhưng em vẫn giữ được tâm lý tốt được.","NEUTRAL"
"Tâm trạng em tốt hơn hẳn, nhìn lại tình trạng mệt mỏi em thấy hứng thú hẳn lên và dễ xử lý hơn trước.","POSITIVE"
"Cứ tưởng sẽ dễ ổn định hơn nhưng thực ra em đang mất động lực nhiều lắm.","NEGATIVE"
"Cứ tưởng sẽ dễ cân bằng được hơn nhưng thực ra em đang cảm thấy bất an nhiều lắm.","NEGATIVE"
"Hơi quá tải thật sự nhưng em vẫn hiểu được nội dung chính.","NEUTRAL"
"Tưởng sẽ vượt qua dễ dàng nhưng cuối cùng em lại thấy không tập trung được.","NEGATIVE"
"Mặc dù cảm thấy bất an nhưng em vẫn làm được bài tập được.","NEUTRAL"
"Cứ tưởng sẽ dễ cân bằng được hơn nhưng thực ra em đang đuối sức nhiều lắm.","NEGATIVE"
"Em chưa quyết định được hướng đi nên mọi thứ, kể cả lo âu về tương lai, vẫn còn không có gì nổi bật.","NEUTRAL"
"Chuyện thiếu ngủ liên tục mấy ngày đang ảnh hưởng nhiều, cứ tiếp cận mục tiêu cá nhân mà em luôn trong trạng thái kiệt sức mấy ngày nay.","NEGATIVE"
"Do bài nhiều mà thời gian không đủ kéo dài, em trở nên không thoải mái với xung quanh, kể cả với tâm trạng gần đây dù không muốn vậy.","NEGATIVE"
"Tâm trạng em tốt hơn hẳn, nhìn lại lo âu về tương lai em thấy khá tự tin và dễ xử lý hơn trước.","POSITIVE"
"Cứ tưởng sẽ dễ ổn định hơn nhưng thực ra em đang không theo kịp nhiều lắm.","NEGATIVE"
"Tâm trạng em tốt hơn hẳn, nhìn lại mục tiêu cá nhân em thấy hài lòng ghê và dễ xử lý hơn trước.","POSITIVE"
"Cứ tưởng sẽ dễ học tốt hơn nhưng thực ra em đang kiệt sức nhiều lắm.","NEGATIVE"
"Tâm trạng em tốt hơn hẳn, nhìn lại cân bằng học và nghỉ ngơi em thấy phấn khởi hơn nhiều và dễ xử lý hơn trước.","POSITIVE"
"Em biết cảm thấy cô đơn và không có ai chia sẻ không phải lỗi của ai nhưng cứ thấy nản lắm rồi và không kiểm soát được cảm xúc.","NEGATIVE"
"Dạo này tinh thần em khá ổn, đối mặt với lo âu về tương lai em thấy yên tâm hơn nhiều và dễ chịu hơn trước.","POSITIVE"
"Dạo này sinh hoạt của em hơi rối nên giấc ngủ cũng chỉ ở mức ở mức trung bình, chưa có gì nổi bật.","NEUTRAL"
"Hơi không tập trung được nhưng em vẫn hiểu được nội dung chính.","NEUTRAL"
"Cứ tưởng sẽ dễ vượt qua dễ dàng hơn nhưng thực ra em đang rất mệt mỏi nhiều lắm.","NEGATIVE"
"Dù hơi cáu gắt liên tục thật nhưng em vẫn đang làm được bài tập bình thường.","NEUTRAL"
"Chuyện cứ thất bại hoài không biết sai ở đâu đang ảnh hưởng nhiều, cứ tiếp cận kỳ thi cuối kỳ mà em luôn trong trạng thái khó theo kịp mấy ngày nay.","NEGATIVE"
"Hơi kiệt sức nhưng em vẫn giữ được tâm lý tốt.","NEUTRAL"
"Dạo này tinh thần em khá ổn, đối mặt với kỳ thi cuối kỳ em thấy dễ tiếp thu hơn và dễ chịu hơn trước.","POSITIVE"
"Em không muốn than thở nhưng dạo này thật sự quá sức.","NEGATIVE"
"Dù áp lực thi cử nhưng em vẫn hiểu được nội dung chính tốt, không quá lo.","POSITIVE"
"Em cũng muốn học tốt lắm nhưng hiện tại chỉ thấy stress nặng thôi.","NEGATIVE"
"Em cũng muốn vượt qua dễ dàng lắm nhưng hiện tại chỉ thấy mất động lực thôi.","NEGATIVE"
"Bài tập vừa sức, em làm được mà vẫn học được thêm.","POSITIVE"
"Tuy rất mệt mỏi nhưng nhìn chung em vẫn làm được bài tập.","NEUTRAL"
"Dù bài hơi khó nhưng em vẫn xử lý ổn mọi thứ tốt, không quá lo.","POSITIVE"
"Gần đây em cân đối được thời gian hơn nên deadline bài tập không còn là áp lực lớn, em thấy chill hơn hẳn.","POSITIVE"
"Em cũng muốn vượt qua dễ dàng lắm nhưng hiện tại chỉ thấy cảm thấy bất an thôi.","NEGATIVE"
"Cứ tưởng sẽ dễ ổn định hơn nhưng thực ra em đang bực bội không kiểm soát được nhiều lắm.","NEGATIVE"
"Hơi bực bội không kiểm soát được nhưng em vẫn theo kịp bài.","NEUTRAL"
"Chuyện áp lực thi cử tích lũy quá lâu đang ảnh hưởng nhiều, cứ tiếp cận tốc độ giảng bài mà em luôn trong trạng thái hơi mệt mấy ngày nay.","NEGATIVE"
"Hơi không theo kịp nhưng em vẫn theo kịp bài.","NEUTRAL"
"Tâm trạng em tốt hơn hẳn, nhìn lại kỳ thi cuối kỳ em thấy thấy tiến bộ rõ và dễ xử lý hơn trước.","POSITIVE"
"Tưởng sẽ ổn định nhưng cuối cùng em lại thấy quá tải thật sự.","NEGATIVE"
"Em học theo được nhưng cần đọc thêm tài liệu ngoài.","NEUTRAL"
"Tưởng sẽ học tốt nhưng cuối cùng em lại thấy bực bội không kiểm soát được.","NEGATIVE"
"Gần đây em cân đối được thời gian hơn nên thời gian tự do không còn là áp lực lớn, em thấy rất thoải mái.","POSITIVE"
"thiếu ngủ không làm em nản, em vẫn giữ được tâm lý tốt như thường.","POSITIVE"
"Vì chuyện gia đình làm em phân tâm nên dù áp lực từ bố mẹ không hẳn là quá khó, em vẫn cứ thấy hoang mang thật sự liên tục.","NEGATIVE"
"Em cũng muốn cân bằng được lắm nhưng hiện tại chỉ thấy rất mệt mỏi thôi.","NEGATIVE"
"Em cũng muốn học tốt lắm nhưng hiện tại chỉ thấy rất mệt mỏi thôi.","NEGATIVE"
"Em chưa quyết định được hướng đi nên mọi thứ, kể cả bài thực hành, vẫn còn ổn định.","NEUTRAL"
"Mặc dù không tập trung được nhưng em vẫn vẫn học ổn được.","NEUTRAL"
"Gần đây em cân đối được thời gian hơn nên việc ăn uống không còn là áp lực lớn, em thấy có động lực hơn hẳn.","POSITIVE"
"Nhờ em chủ động hỏi thêm nên em có thêm năng lượng, thấy có động lực hơn hẳn với mọi thứ, kể cả cân bằng học và nghỉ ngơi.","POSITIVE"
"Hơi đuối sức nhưng em vẫn theo kịp bài.","NEUTRAL"
"Hơi kiệt sức nhưng em vẫn xử lý ổn mọi thứ.","NEUTRAL"
"Em cũng muốn ổn định lắm nhưng hiện tại chỉ thấy mất động lực thôi.","NEGATIVE"
"Mặc dù stress nặng nhưng em vẫn hiểu được nội dung chính được.","NEUTRAL"
"Em cũng muốn cân bằng được lắm nhưng hiện tại chỉ thấy cáu gắt liên tục thôi.","NEGATIVE"
"Tuy cảm thấy bất an nhưng nhìn chung em vẫn hiểu được nội dung chính.","NEUTRAL"
"Được thầy hướng dẫn tận tình, em hiểu ra nhiều thứ.","POSITIVE"
"Em cũng muốn hiểu bài lắm nhưng hiện tại chỉ thấy không theo kịp thôi.","NEGATIVE"
"Dù hơi cảm thấy bất an thật nhưng em vẫn đang theo kịp bài bình thường.","NEUTRAL"
"Chưa có gì nổi bật, mọi thứ đang ở mức trung bình.","NEUTRAL"
"Chuyện không có tài liệu rõ ràng đang ảnh hưởng nhiều, cứ tiếp cận cách chấm điểm mà em luôn trong trạng thái hơi mệt mấy ngày nay.","NEGATIVE"
"Em biết không hiểu bài mà ngại hỏi không phải lỗi của ai nhưng cứ thấy đuối sức và không kiểm soát được cảm xúc.","NEGATIVE"
"Em cũng muốn cân bằng được lắm nhưng hiện tại chỉ thấy bực bội không kiểm soát được thôi.","NEGATIVE"
"Dạo này tinh thần em khá ổn, đối mặt với đi lại hàng ngày em thấy khá tự tin và dễ chịu hơn trước.","POSITIVE"
"Em chưa quyết định được hướng đi nên mọi thứ, kể cả chi tiêu hàng tháng, vẫn còn không thích không ghét.","NEUTRAL"
"Em cũng muốn theo kịp lắm nhưng hiện tại chỉ thấy mất động lực thôi.","NEGATIVE"
"Em đang phải vừa lo chuyện gia đình làm em phân tâm vừa lo áp lực từ bố mẹ, cảm giác kiệt sức thật sự, không biết trụ được bao lâu.","NEGATIVE"
"Tuy cảm thấy bất an nhưng nhìn chung em vẫn vẫn học ổn.","NEUTRAL"
"tiến độ nhanh không làm em nản, em vẫn hiểu được nội dung chính như thường.","POSITIVE"
"Tuy rất mệt mỏi nhưng nhìn chung em vẫn vẫn học ổn.","NEUTRAL"
"Dù tiến độ nhanh, em vẫn cảm thấy ổn và xử lý ổn mọi thứ được.","POSITIVE"
"Hơi mất động lực nhưng em vẫn làm được bài tập.","NEUTRAL"
"Cứ tưởng sẽ dễ theo kịp hơn nhưng thực ra em đang không tập trung được nhiều lắm.","NEGATIVE"
"Hơi rất mệt mỏi nhưng em vẫn giữ được tâm lý tốt.","NEUTRAL"
"Em cũng muốn cân bằng được lắm nhưng hiện tại chỉ thấy cảm thấy bất an thôi.","NEGATIVE"
"Em cũng muốn ổn định lắm nhưng hiện tại chỉ thấy không theo kịp thôi.","NEGATIVE"
"Hơi mất động lực nhưng em vẫn vẫn học ổn.","NEUTRAL"
"Dù áp lực vì áp lực thi cử nhưng cuối cùng em vẫn theo kịp bài.","POSITIVE"
"Em chưa quyết định được hướng đi nên mọi thứ, kể cả sức đề kháng giảm, vẫn còn vừa phải.","NEUTRAL"
"Có lúc thấy đuối sức nhưng nhìn chung em vẫn giữ được tâm lý tốt.","NEUTRAL"
"Dạo này tinh thần em khá ổn, đối mặt với feedback từ thầy cô em thấy yên tâm hơn nhiều và dễ chịu hơn trước.","POSITIVE"
"Vì chuyện gia đình làm em phân tâm nên dù sự phù hợp của ngành học không hẳn là quá khó, em vẫn cứ thấy mệt mỏi ghê liên tục.","NEGATIVE"
"Tuy kiệt sức nhưng nhìn chung em vẫn giữ được tâm lý tốt.","NEUTRAL"
"Tưởng sẽ học tốt nhưng cuối cùng em lại thấy cảm thấy bất an.","NEGATIVE"
"Em cảm thấy kiệt sức cả thể xác lẫn tinh thần, không còn sức để cố nữa.","NEGATIVE"
"Khối lượng bài vừa đủ, không nhàn quá mà cũng không nhiều quá.","NEUTRAL"
"Dù tiến độ nhanh nhưng em vẫn xử lý ổn mọi thứ tốt, không quá lo.","POSITIVE"
"Nhờ em chủ động hỏi thêm nên em có thêm năng lượng, thấy dễ tiếp thu hơn với mọi thứ, kể cả việc nấu ăn tự túc.","POSITIVE"
"Tuy stress nặng nhưng nhìn chung em vẫn xử lý ổn mọi thứ.","NEUTRAL"
"Chuyện không hiểu bài mà ngại hỏi đang ảnh hưởng nhiều, cứ tiếp cận bài kiểm tra giữa kỳ mà em luôn trong trạng thái khó theo kịp mấy ngày nay.","NEGATIVE"
"Dù áp lực thi cử nhưng em vẫn xử lý ổn mọi thứ tốt, không quá lo.","POSITIVE"
"Dù thiếu ngủ nhưng em vẫn vẫn học ổn tốt, không quá lo.","POSITIVE"
"Nhờ sắp xếp được thời gian hợp lý nên em có thêm năng lượng, thấy rất thoải mái với mọi thứ, kể cả chỗ ở trọ.","POSITIVE"
"Tưởng sẽ vượt qua dễ dàng nhưng cuối cùng em lại thấy quá tải thật sự.","NEGATIVE"
"Cứ tưởng sẽ dễ học tốt hơn nhưng thực ra em đang mất động lực nhiều lắm.","NEGATIVE"
"Dù lịch học dày nhưng em vẫn giữ được tâm lý tốt tốt, không quá lo.","POSITIVE"
"Tuy kiệt sức nhưng nhìn chung em vẫn xử lý ổn mọi thứ.","NEUTRAL"
"Dù áp lực thi cử, em vẫn cảm thấy ổn và theo kịp bài được.","POSITIVE"
"Em biết áp lực thi cử tích lũy quá lâu không phải lỗi của ai nhưng cứ thấy hơi mệt và không kiểm soát được cảm xúc.","NEGATIVE"
"Tưởng sẽ vượt qua dễ dàng nhưng cuối cùng em lại thấy không theo kịp.","NEGATIVE"
"Gần đây em cân đối được thời gian hơn nên mối quan hệ nhóm không còn là áp lực lớn, em thấy nhẹ đầu hơn nhiều.","POSITIVE"
"Em cũng muốn theo kịp lắm nhưng hiện tại chỉ thấy không theo kịp thôi.","NEGATIVE"
"Mặc dù cảm thấy bất an nhưng em vẫn giữ được tâm lý tốt được.","NEUTRAL"
"Tưởng sẽ hiểu bài nhưng cuối cùng em lại thấy stress nặng.","NEGATIVE"
"Cứ tưởng sẽ dễ hiểu bài hơn nhưng thực ra em đang cảm thấy bất an nhiều lắm.","NEGATIVE"
"Mặc dù kiệt sức nhưng em vẫn làm được bài tập được.","NEUTRAL"
"Tâm trạng em tốt hơn hẳn, nhìn lại lịch học em thấy phấn khởi hơn nhiều và dễ xử lý hơn trước.","POSITIVE"
"Nhờ tài liệu rõ ràng hơn nên em có thêm năng lượng, thấy khá tự tin với mọi thứ, kể cả mục tiêu cá nhân.","POSITIVE"
"Nhờ tâm lý thoải mái hơn nên em có thêm năng lượng, thấy khá tự tin với mọi thứ, kể cả cân bằng học và nghỉ ngơi.","POSITIVE"
"Tuy mất động lực nhưng nhìn chung em vẫn theo kịp bài.","NEUTRAL"
"Nhờ em chủ động hỏi thêm nên em có thêm năng lượng, thấy vui vì hiểu ra rồi với mọi thứ, kể cả kỳ thi cuối kỳ.","POSITIVE"
"Tưởng sẽ vượt qua dễ dàng nhưng cuối cùng em lại thấy rất mệt mỏi.","NEGATIVE"
"Dù hơi đuối sức thật nhưng em vẫn đang giữ được tâm lý tốt bình thường.","NEUTRAL"
"Gần đây em cân đối được thời gian hơn nên việc ăn uống không còn là áp lực lớn, em thấy rất thoải mái.","POSITIVE"
"Chuyện nhóm không làm việc được với nhau đang ảnh hưởng nhiều, cứ tiếp cận giấc ngủ mà em luôn trong trạng thái mệt mỏi ghê mấy ngày nay.","NEGATIVE"
"Tuy đuối sức nhưng nhìn chung em vẫn xử lý ổn mọi thứ.","NEUTRAL"
"Dạo này em đang gặp chuyện áp lực từ nhiều môn cùng lúc, vì thế khi đối mặt với lịch học cứ thấy nản lắm rồi và khó tập trung.","NEGATIVE"
"Hơi không theo kịp nhưng em vẫn vẫn học ổn.","NEUTRAL"
"Có lúc thấy rất mệt mỏi nhưng nhìn chung em vẫn làm được bài tập.","NEUTRAL"
"Dù hơi đuối sức thật nhưng em vẫn đang xử lý ổn mọi thứ bình thường.","NEUTRAL"
"deadline nhiều không làm em nản, em vẫn giữ được tâm lý tốt như thường.","POSITIVE"
"Mặc dù đuối sức nhưng em vẫn hiểu được nội dung chính được.","NEUTRAL"
"Dù hơi bực bội không kiểm soát được thật nhưng em vẫn đang làm được bài tập bình thường.","NEUTRAL"
"Em thấy bình thường, không có vấn đề gì đặc biệt.","NEUTRAL"
"Nhờ áp lực gia đình giảm bớt nên em có thêm năng lượng, thấy hài lòng ghê với mọi thứ, kể cả lịch học.","POSITIVE"
"Có lúc thấy không theo kịp nhưng nhìn chung em vẫn làm được bài tập.","NEUTRAL"
"Dạo này em đang gặp chuyện cảm thấy cô đơn và không có ai chia sẻ, vì thế khi đối mặt với mục tiêu cá nhân cứ thấy bất an và khó tập trung.","NEGATIVE"
"Lớp học thoải mái, em dám phát biểu hơn.","POSITIVE"
"Hơi mất động lực nhưng em vẫn xử lý ổn mọi thứ.","NEUTRAL"
"Vì tài chính eo hẹp làm em lo lắng nên dù việc nấu ăn tự túc không hẳn là quá khó, em vẫn cứ thấy hoang mang thật sự liên tục.","NEGATIVE"
"Tưởng sẽ theo kịp nhưng cuối cùng em lại thấy mất động lực.","NEGATIVE"
"Hơi cảm thấy bất an nhưng em vẫn hiểu được nội dung chính.","NEUTRAL"
"Nhờ được hướng dẫn chi tiết nên em có thêm năng lượng, thấy tự tin hơn trước nhiều với mọi thứ, kể cả sự phù hợp của ngành học.","POSITIVE"
"Em thấy môn này khá hay, không chán như em nghĩ.","POSITIVE"
"Dạo này tinh thần em khá ổn, đối mặt với bài thực hành em thấy chill hơn hẳn và dễ chịu hơn trước.","POSITIVE"
"Dù áp lực vì áp lực thi cử nhưng cuối cùng em vẫn hiểu được nội dung chính.","POSITIVE"
"Dù hơi cảm thấy bất an thật nhưng em vẫn đang xử lý ổn mọi thứ bình thường.","NEUTRAL"
"Tưởng sẽ vượt qua dễ dàng nhưng cuối cùng em lại thấy đuối sức.","NEGATIVE"
"Tâm trạng em tốt hơn hẳn, nhìn lại deadline bài tập em thấy nhẹ đầu hơn nhiều và dễ xử lý hơn trước.","POSITIVE"
"Có lúc thấy stress nặng nhưng nhìn chung em vẫn giữ được tâm lý tốt.","NEUTRAL"
"Tình hình cá nhân chưa ổn định nên deadline bài tập cũng chỉ dừng ở mức học được như vậy.","NEUTRAL"
"Hơi rất mệt mỏi nhưng em vẫn vẫn học ổn.","NEUTRAL"
"Tâm trạng em tốt hơn hẳn, nhìn lại việc ăn uống em thấy chill hơn hẳn và dễ xử lý hơn trước.","POSITIVE"
"Em biết kỳ vọng của gia đình quá lớn không phải lỗi của ai nhưng cứ thấy đuối sức và không kiểm soát được cảm xúc.","NEGATIVE"
"Tâm trạng em tốt hơn hẳn, nhìn lại áp lực thi cử em thấy chill hơn hẳn và dễ xử lý hơn trước.","POSITIVE"
"Cứ nghĩ mọi thứ sẽ ổn hơn nhưng em lại thấy cáu gắt liên tục hoài.","NEGATIVE"
"thiếu ngủ không làm em nản, em vẫn vẫn học ổn như thường.","POSITIVE"
"Gần đây em cân đối được thời gian hơn nên nỗi sợ thất bại không còn là áp lực lớn, em thấy vui vì hiểu ra rồi.","POSITIVE"
"Dạo này sinh hoạt của em hơi rối nên lo âu về tương lai cũng chỉ ở mức học được, chưa có gì nổi bật.","NEUTRAL"
"Tình hình cá nhân chưa ổn định nên cân bằng học và nghỉ ngơi cũng chỉ dừng ở mức không có gì nổi bật như vậy.","NEUTRAL"
"Dù deadline nhiều nhưng em vẫn theo kịp bài tốt, không quá lo.","POSITIVE"
"Tâm trạng em tốt hơn hẳn, nhìn lại kỳ thi cuối kỳ em thấy rất ổn và dễ xử lý hơn trước.","POSITIVE"
"Nhờ em chủ động hỏi thêm nên em có thêm năng lượng, thấy tự tin hơn trước nhiều với mọi thứ, kể cả chuyện gia đình.","POSITIVE"
"Em đang phải vừa lo tài chính eo hẹp làm em lo lắng vừa lo chuyện gia đình, cảm giác khó theo kịp thật sự, không biết trụ được bao lâu.","NEGATIVE"
"Dạo này tinh thần em khá ổn, đối mặt với bài kiểm tra giữa kỳ em thấy vui vì hiểu ra rồi và dễ chịu hơn trước.","POSITIVE"
"Nhờ tâm lý thoải mái hơn nên em có thêm năng lượng, thấy dễ tiếp thu hơn với mọi thứ, kể cả cân bằng học và nghỉ ngơi.","POSITIVE"
"Dạo này tinh thần em khá ổn, đối mặt với việc tìm kiếm thực tập em thấy phấn khởi hơn nhiều và dễ chịu hơn trước.","POSITIVE"
"Dạo này tinh thần em khá ổn, đối mặt với cảm giác mất phương hướng em thấy hứng thú hẳn lên và dễ chịu hơn trước.","POSITIVE"
"Em đang cảm thấy đuối sức, theo không kịp tiến độ.","NEGATIVE"
"Cứ tưởng sẽ dễ hiểu bài hơn nhưng thực ra em đang đuối sức nhiều lắm.","NEGATIVE"
"Nhờ môi trường lớp tích cực nên em có thêm năng lượng, thấy tự tin hơn trước nhiều với mọi thứ, kể cả bài kiểm tra giữa kỳ.","POSITIVE"
"Mặc dù đuối sức nhưng em vẫn giữ được tâm lý tốt được.","NEUTRAL"
"Tuy không theo kịp nhưng nhìn chung em vẫn làm được bài tập.","NEUTRAL"
"Mặc dù mất động lực nhưng em vẫn làm được bài tập được.","NEUTRAL"
"Dù đã cố gắng nhưng em vẫn cứ thấy quá tải thật sự, không biết làm thế nào.","NEGATIVE"
"Có lúc thấy không theo kịp nhưng nhìn chung em vẫn theo kịp bài.","NEUTRAL"
"Nhóm em làm việc không hiệu quả, ai cũng mệt hết.","NEGATIVE"
"Môn này ổn, không khiến em thích hay chán gì đặc biệt.","NEUTRAL"
"Dù bài hơi khó nhưng em vẫn vẫn học ổn tốt, không quá lo.","POSITIVE"
"Mặc dù không tập trung được nhưng em vẫn giữ được tâm lý tốt được.","NEUTRAL"
"Tuy quá tải thật sự nhưng nhìn chung em vẫn vẫn học ổn.","NEUTRAL"
"Cứ tưởng sẽ dễ học tốt hơn nhưng thực ra em đang cáu gắt liên tục nhiều lắm.","NEGATIVE"
"áp lực thi cử không làm em nản, em vẫn xử lý ổn mọi thứ như thường.","POSITIVE"
"Tâm trạng em tốt hơn hẳn, nhìn lại bài kiểm tra giữa kỳ em thấy dễ tiếp thu hơn và dễ xử lý hơn trước.","POSITIVE"
"Dù hơi không tập trung được thật nhưng em vẫn đang giữ được tâm lý tốt bình thường.","NEUTRAL"
"Dù lịch học dày nhưng em vẫn hiểu được nội dung chính tốt, không quá lo.","POSITIVE"
"Gần đây em cân đối được thời gian hơn nên deadline bài tập không còn là áp lực lớn, em thấy yên tâm hơn nhiều.","POSITIVE"
"Tưởng sẽ theo kịp nhưng cuối cùng em lại thấy stress nặng.","NEGATIVE"
"Nhờ tài liệu rõ ràng hơn nên em có thêm năng lượng, thấy thấy tiến bộ rõ với mọi thứ, kể cả đi lại hàng ngày.","POSITIVE"
"Em học được những thứ cần thiết, không hơn không kém.","NEUTRAL"
"Em biết mất ngủ liên tục mấy tuần nay không phải lỗi của ai nhưng cứ thấy dễ nản và không kiểm soát được cảm xúc.","NEGATIVE"
"Dù deadline nhiều, em vẫn cảm thấy ổn và xử lý ổn mọi thứ được.","POSITIVE"
"Dù lịch học dày, em vẫn cảm thấy ổn và hiểu được nội dung chính được.","POSITIVE"
"Em cũng muốn ổn định lắm nhưng hiện tại chỉ thấy rất mệt mỏi thôi.","NEGATIVE"
"Chuyện tài chính eo hẹp làm em lo lắng đang ảnh hưởng nhiều, cứ tiếp cận mối quan hệ nhóm mà em luôn trong trạng thái không tập trung được mấy ngày nay.","NEGATIVE"
"Tưởng sẽ ổn định nhưng cuối cùng em lại thấy rất mệt mỏi.","NEGATIVE"
"Hơi kiệt sức nhưng em vẫn vẫn học ổn.","NEUTRAL"
"Dù áp lực thi cử nhưng em vẫn làm được bài tập tốt, không quá lo.","POSITIVE"
"deadline nhiều không làm em nản, em vẫn hiểu được nội dung chính như thường.","POSITIVE"
"Em biết nhóm không làm việc được với nhau không phải lỗi của ai nhưng cứ thấy không thở được và không kiểm soát được cảm xúc.","NEGATIVE"
"Cứ tưởng sẽ dễ theo kịp hơn nhưng thực ra em đang rất mệt mỏi nhiều lắm.","NEGATIVE"
"Em cũng muốn vượt qua dễ dàng lắm nhưng hiện tại chỉ thấy quá tải thật sự thôi.","NEGATIVE"
"Có lúc thấy cảm thấy bất an nhưng nhìn chung em vẫn vẫn học ổn.","NEUTRAL"
"Dù thiếu ngủ, em vẫn cảm thấy ổn và theo kịp bài được.","POSITIVE"
"Mặc dù không theo kịp nhưng em vẫn vẫn học ổn được.","NEUTRAL"
"Cứ tưởng sẽ dễ ổn định hơn nhưng thực ra em đang quá tải thật sự nhiều lắm.","NEGATIVE"
"Có lúc thấy không tập trung được nhưng nhìn chung em vẫn hiểu được nội dung chính.","NEUTRAL"
"Có lúc thấy đuối sức nhưng nhìn chung em vẫn xử lý ổn mọi thứ.","NEUTRAL"
"Vì áp lực từ nhiều môn cùng lúc nên dù đau đầu liên tục không hẳn là quá khó, em vẫn cứ thấy nặng nề trong lòng liên tục.","NEGATIVE"
"Em cần thêm thời gian để quen với cách dạy.","NEUTRAL"
"Gần đây em cân đối được thời gian hơn nên lịch học không còn là áp lực lớn, em thấy khá tự tin.","POSITIVE"
"Vì mất ngủ liên tục mấy tuần nay nên dù cách chấm điểm không hẳn là quá khó, em vẫn cứ thấy dễ nản liên tục.","NEGATIVE"
"Nhờ em chủ động hỏi thêm nên em có thêm năng lượng, thấy có động lực hơn hẳn với mọi thứ, kể cả đau đầu liên tục.","POSITIVE"
"Vì deadline dồn vào một tuần nên dù định hướng nghề nghiệp không hẳn là quá khó, em vẫn cứ thấy mệt mỏi ghê liên tục.","NEGATIVE"
"Vì cứ thất bại hoài không biết sai ở đâu nên dù việc nấu ăn tự túc không hẳn là quá khó, em vẫn cứ thấy bị quá tải liên tục.","NEGATIVE"
"Mặc dù kiệt sức nhưng em vẫn giữ được tâm lý tốt được.","NEUTRAL"
"Tưởng sẽ theo kịp nhưng cuối cùng em lại thấy cáu gắt liên tục.","NEGATIVE"
"Cứ tưởng sẽ dễ ổn định hơn nhưng thực ra em đang đuối sức nhiều lắm.","NEGATIVE"
"Giờ học căng thẳng, em ra về là đầu óc trống không.","NEGATIVE"
"Tâm trạng em tốt hơn hẳn, nhìn lại việc làm thêm em thấy chill hơn hẳn và dễ xử lý hơn trước.","POSITIVE"
"thiếu ngủ không làm em nản, em vẫn hiểu được nội dung chính như thường.","POSITIVE"
"Có lúc thấy không tập trung được nhưng nhìn chung em vẫn theo kịp bài.","NEUTRAL"
"Có lúc thấy bực bội không kiểm soát được nhưng nhìn chung em vẫn vẫn học ổn.","NEUTRAL"
"Dù thiếu ngủ, em vẫn cảm thấy ổn và giữ được tâm lý tốt được.","POSITIVE"
"Nhờ môi trường lớp tích cực nên em có thêm năng lượng, thấy tự tin hơn trước nhiều với mọi thứ, kể cả nỗi sợ thất bại.","POSITIVE"
"Tuy cáu gắt liên tục nhưng nhìn chung em vẫn xử lý ổn mọi thứ.","NEUTRAL"
"Gần đây em cân đối được thời gian hơn nên sự phù hợp của ngành học không còn là áp lực lớn, em thấy hài lòng ghê.","POSITIVE"
"Em chưa hiểu hết phần cuối bài, cần ôn thêm chút nữa.","NEUTRAL"
"Em vừa hiểu ra phần khó nhất, cảm giác nhẹ nhõm ghê.","POSITIVE"
"Cứ tưởng sẽ dễ hiểu bài hơn nhưng thực ra em đang quá tải thật sự nhiều lắm.","NEGATIVE"
"Do mất định hướng không biết đi đâu kéo dài, em trở nên muốn bỏ cuộc với xung quanh, kể cả với cân bằng học và nghỉ ngơi dù không muốn vậy.","NEGATIVE"
"Hơi cáu gắt liên tục nhưng em vẫn vẫn học ổn.","NEUTRAL"
"Có lúc thấy cáu gắt liên tục nhưng nhìn chung em vẫn làm được bài tập.","NEUTRAL"
"Gần đây em cân đối được thời gian hơn nên mối quan hệ với thầy cô không còn là áp lực lớn, em thấy tự tin hơn trước nhiều.","POSITIVE"
"Hơi stress nặng nhưng em vẫn theo kịp bài.","NEUTRAL"
"Tâm trạng em tốt hơn hẳn, nhìn lại feedback từ thầy cô em thấy yên tâm hơn nhiều và dễ xử lý hơn trước.","POSITIVE"
"Hơi stress nặng nhưng em vẫn làm được bài tập.","NEUTRAL"
"Dù hơi cảm thấy bất an thật nhưng em vẫn đang làm được bài tập bình thường.","NEUTRAL"
"Hơi đuối sức nhưng em vẫn xử lý ổn mọi thứ.","NEUTRAL"
"Gần đây em cân đối được thời gian hơn nên cân bằng học và nghỉ ngơi không còn là áp lực lớn, em thấy yên tâm hơn nhiều.","POSITIVE"
"Em cũng muốn học tốt lắm nhưng hiện tại chỉ thấy quá tải thật sự thôi.","NEGATIVE"
"Chuyện việc làm thêm chiếm hết thời gian đang ảnh hưởng nhiều, cứ tiếp cận cảm giác bị hiểu lầm mà em luôn trong trạng thái bất an mấy ngày nay.","NEGATIVE"
"Dù hơi không tập trung được thật nhưng em vẫn đang xử lý ổn mọi thứ bình thường.","NEUTRAL"
"Em cũng muốn học tốt lắm nhưng hiện tại chỉ thấy cáu gắt liên tục thôi.","NEGATIVE"
"Tưởng sẽ theo kịp nhưng cuối cùng em lại thấy không tập trung được.","NEGATIVE"
"Do kỳ vọng của gia đình quá lớn kéo dài, em trở nên muốn bỏ cuộc với xung quanh, kể cả với mối quan hệ nhóm dù không muốn vậy.","NEGATIVE"
"Nhờ tâm lý thoải mái hơn nên em có thêm năng lượng, thấy dễ tiếp thu hơn với mọi thứ, kể cả feedback từ thầy cô.","POSITIVE"
"Mặc dù không theo kịp nhưng em vẫn xử lý ổn mọi thứ được.","NEUTRAL"
"Hơi bực bội không kiểm soát được nhưng em vẫn làm được bài tập.","NEUTRAL"
"Do cảm thấy cô đơn và không có ai chia sẻ kéo dài, em trở nên không thở được với xung quanh, kể cả với đau đầu liên tục dù không muốn vậy.","NEGATIVE"
"Em cũng muốn cân bằng được lắm nhưng hiện tại chỉ thấy kiệt sức thôi.","NEGATIVE"
"Do tài chính eo hẹp làm em lo lắng kéo dài, em trở nên dễ nản với xung quanh, kể cả với cảm giác không đủ năng lực dù không muốn vậy.","NEGATIVE"
"Em muốn bỏ cuộc thật sự, căng thẳng quá mức.","NEGATIVE"
"Cứ tưởng sẽ dễ theo kịp hơn nhưng thực ra em đang quá tải thật sự nhiều lắm.","NEGATIVE"
"Cứ tưởng sẽ dễ vượt qua dễ dàng hơn nhưng thực ra em đang bực bội không kiểm soát được nhiều lắm.","NEGATIVE"
"Tuy stress nặng nhưng nhìn chung em vẫn vẫn học ổn.","NEUTRAL"
"Hơi không theo kịp nhưng em vẫn xử lý ổn mọi thứ.","NEUTRAL"
"Em cảm thấy bị bỏ lại, cô dạy nhanh mà em chưa kịp tiêu hoá.","NEGATIVE"
"Dạo này tinh thần em khá ổn, đối mặt với áp lực từ bố mẹ em thấy thấy tiến bộ rõ và dễ chịu hơn trước.","POSITIVE"
"Mặc dù cáu gắt liên tục nhưng em vẫn giữ được tâm lý tốt được.","NEUTRAL"
"Dù áp lực thi cử, em vẫn cảm thấy ổn và vẫn học ổn được.","POSITIVE"
"Gần đây em cân đối được thời gian hơn nên kỳ thi cuối kỳ không còn là áp lực lớn, em thấy nhẹ đầu hơn nhiều.","POSITIVE"
"Nhờ áp lực gia đình giảm bớt nên em có thêm năng lượng, thấy chill hơn hẳn với mọi thứ, kể cả cảm giác không đủ năng lực.","POSITIVE"
"Dạo này tinh thần em khá ổn, đối mặt với sự phù hợp của ngành học em thấy vui vì hiểu ra rồi và dễ chịu hơn trước.","POSITIVE"
"Dù thiếu ngủ nhưng em vẫn theo kịp bài tốt, không quá lo.","POSITIVE"
"Dù hơi rất mệt mỏi thật nhưng em vẫn đang hiểu được nội dung chính bình thường.","NEUTRAL"
"Có lúc thấy không tập trung được nhưng nhìn chung em vẫn giữ được tâm lý tốt.","NEUTRAL"
"Hơi tụt hậu so với tiến độ chung nhưng em đang cố bắt kịp.","NEUTRAL"
"Em đang phải vừa lo cứ thất bại hoài không biết sai ở đâu vừa lo cảm giác mất phương hướng, cảm giác đầu óc quay tít thật sự, không biết trụ được bao lâu.","NEGATIVE"
"Có lúc thấy không theo kịp nhưng nhìn chung em vẫn giữ được tâm lý tốt.","NEUTRAL"
"Dạo này tinh thần em khá ổn, đối mặt với kỳ thi cuối kỳ em thấy phấn khởi hơn nhiều và dễ chịu hơn trước.","POSITIVE"
"Tâm trạng em tốt hơn hẳn, nhìn lại áp lực thi cử em thấy rất ổn và dễ xử lý hơn trước.","POSITIVE"
"Gần đây em cân đối được thời gian hơn nên đi lại hàng ngày không còn là áp lực lớn, em thấy vui vì hiểu ra rồi.","POSITIVE"
"Tâm trạng em tốt hơn hẳn, nhìn lại mối quan hệ với thầy cô em thấy thoải mái và nhẹ nhõm và dễ xử lý hơn trước.","POSITIVE"
"Gần đây em cân đối được thời gian hơn nên sức đề kháng giảm không còn là áp lực lớn, em thấy thấy tiến bộ rõ.","POSITIVE"
"lịch học dày không làm em nản, em vẫn vẫn học ổn như thường.","POSITIVE"
"Có lúc thấy stress nặng nhưng nhìn chung em vẫn theo kịp bài.","NEUTRAL"
"Môn này không phải sở thích của em nhưng em vẫn cố học.","NEUTRAL"
"Tưởng sẽ cân bằng được nhưng cuối cùng em lại thấy mất động lực.","NEGATIVE"
"Dù áp lực vì bài hơi khó nhưng cuối cùng em vẫn làm được bài tập.","POSITIVE"
"Nhờ môi trường lớp tích cực nên em có thêm năng lượng, thấy thoải mái và nhẹ nhõm với mọi thứ, kể cả bài kiểm tra giữa kỳ.","POSITIVE"
"Em biết áp lực từ nhiều môn cùng lúc không phải lỗi của ai nhưng cứ thấy lo lắng không yên và không kiểm soát được cảm xúc.","NEGATIVE"
"Gần đây em cân đối được thời gian hơn nên mức năng lượng hàng ngày không còn là áp lực lớn, em thấy vui vì hiểu ra rồi.","POSITIVE"
"Mặc dù không theo kịp nhưng em vẫn theo kịp bài được.","NEUTRAL"
"Nhờ tâm lý thoải mái hơn nên em có thêm năng lượng, thấy vui vì hiểu ra rồi với mọi thứ, kể cả việc tìm kiếm thực tập.","POSITIVE"
"Có lúc thấy đuối sức nhưng nhìn chung em vẫn làm được bài tập.","NEUTRAL"
"Dù deadline nhiều nhưng em vẫn xử lý ổn mọi thứ tốt, không quá lo.","POSITIVE"
"Gần đây em cân đối được thời gian hơn nên áp lực thi cử không còn là áp lực lớn, em thấy tự tin hơn trước nhiều.","POSITIVE"
"Mặc dù không tập trung được nhưng em vẫn theo kịp bài được.","NEUTRAL"
"Nhờ thầy cô hỗ trợ nhiệt tình nên em có thêm năng lượng, thấy thoải mái và nhẹ nhõm với mọi thứ, kể cả sự phù hợp của ngành học.","POSITIVE"
"Em đang phải vừa lo áp lực từ nhiều môn cùng lúc vừa lo bài kiểm tra giữa kỳ, cảm giác đầu óc quay tít thật sự, không biết trụ được bao lâu.","NEGATIVE"
"Em cũng muốn học tốt lắm nhưng hiện tại chỉ thấy mất động lực thôi.","NEGATIVE"
"Dù áp lực vì deadline nhiều nhưng cuối cùng em vẫn giữ được tâm lý tốt.","POSITIVE"
"lịch học dày không làm em nản, em vẫn giữ được tâm lý tốt như thường.","POSITIVE"
"Tình hình cá nhân chưa ổn định nên cân bằng học và nghỉ ngơi cũng chỉ dừng ở mức ổn định như vậy.","NEUTRAL"
"Chuyện mất ngủ liên tục mấy tuần nay đang ảnh hưởng nhiều, cứ tiếp cận nỗi sợ thất bại mà em luôn trong trạng thái đầu óc quay tít mấy ngày nay.","NEGATIVE"
"Em đang phải vừa lo không có tài liệu rõ ràng vừa lo việc nấu ăn tự túc, cảm giác rất áp lực thật sự, không biết trụ được bao lâu.","NEGATIVE"
"Em cũng muốn hiểu bài lắm nhưng hiện tại chỉ thấy stress nặng thôi.","NEGATIVE"
"Mặc dù bực bội không kiểm soát được nhưng em vẫn xử lý ổn mọi thứ được.","NEUTRAL"
"Em thấy môn này giúp ích cho mình nhiều, đang rất hứng thú.","POSITIVE"
"bài hơi khó không làm em nản, em vẫn theo kịp bài như thường.","POSITIVE"
"Có lúc thấy cáu gắt liên tục nhưng nhìn chung em vẫn hiểu được nội dung chính.","NEUTRAL"
"Mặc dù rất mệt mỏi nhưng em vẫn vẫn học ổn được.","NEUTRAL"
"Em không theo kịp và không biết hỏi ai.","NEGATIVE"
"Nhờ em chủ động hỏi thêm nên em có thêm năng lượng, thấy thấy tiến bộ rõ với mọi thứ, kể cả việc nấu ăn tự túc.","POSITIVE"
"Dạo này tinh thần em khá ổn, đối mặt với lo ngại về việc làm em thấy khá tự tin và dễ chịu hơn trước.","POSITIVE"
"Mặc dù không tập trung được nhưng em vẫn làm được bài tập được.","NEUTRAL"
"Gần đây em cân đối được thời gian hơn nên kỳ thi cuối kỳ không còn là áp lực lớn, em thấy phấn khởi hơn nhiều.","POSITIVE"
"Em biết áp lực thi cử tích lũy quá lâu không phải lỗi của ai nhưng cứ thấy bất an và không kiểm soát được cảm xúc.","NEGATIVE"
"Em cũng muốn học tốt lắm nhưng hiện tại chỉ thấy kiệt sức thôi.","NEGATIVE"
"Tâm trạng em tốt hơn hẳn, nhìn lại feedback từ thầy cô em thấy phấn khởi hơn nhiều và dễ xử lý hơn trước.","POSITIVE"
"Chuyện áp lực từ nhiều môn cùng lúc đang ảnh hưởng nhiều, cứ tiếp cận lo ngại về việc làm mà em luôn trong trạng thái không thở được mấy ngày nay.","NEGATIVE"
"Tuy cáu gắt liên tục nhưng nhìn chung em vẫn giữ được tâm lý tốt.","NEUTRAL"
"Cứ tưởng sẽ dễ cân bằng được hơn nhưng thực ra em đang cáu gắt liên tục nhiều lắm.","NEGATIVE"
"Tuy không tập trung được nhưng nhìn chung em vẫn hiểu được nội dung chính.","NEUTRAL"
"Nhờ bạn nhóm hợp tác tốt nên em có thêm năng lượng, thấy phấn khởi hơn nhiều với mọi thứ, kể cả kế hoạch sau tốt nghiệp.","POSITIVE"
"Em đang trải qua giai đoạn rất khó, cảm giác một mình xử lý hết mọi thứ.","NEGATIVE"
"Dạo này tinh thần em khá ổn, đối mặt với việc nấu ăn tự túc em thấy tự tin hơn trước nhiều và dễ chịu hơn trước.","POSITIVE"
"Em chưa quyết định được hướng đi nên mọi thứ, kể cả cách chấm điểm, vẫn còn bình bình.","NEUTRAL"
"Dù áp lực vì deadline nhiều nhưng cuối cùng em vẫn theo kịp bài.","POSITIVE"
"Tưởng sẽ học tốt nhưng cuối cùng em lại thấy quá tải thật sự.","NEGATIVE"
"Mặc dù quá tải thật sự nhưng em vẫn làm được bài tập được.","NEUTRAL"
"Nhờ áp lực gia đình giảm bớt nên em có thêm năng lượng, thấy rất ổn với mọi thứ, kể cả bạn bè trong lớp.","POSITIVE"
"Mặc dù cảm thấy bất an nhưng em vẫn vẫn học ổn được.","NEUTRAL"
"Mặc dù kiệt sức nhưng em vẫn hiểu được nội dung chính được.","NEUTRAL"
"Dù hơi mất động lực thật nhưng em vẫn đang theo kịp bài bình thường.","NEUTRAL"
"Cứ tưởng sẽ dễ theo kịp hơn nhưng thực ra em đang mất động lực nhiều lắm.","NEGATIVE"
"Tuy rất mệt mỏi nhưng nhìn chung em vẫn theo kịp bài.","NEUTRAL"
"Dù áp lực thi cử nhưng em vẫn theo kịp bài tốt, không quá lo.","POSITIVE"
"Dù đã cố gắng nhưng em vẫn cứ thấy bực bội không kiểm soát được, không biết làm thế nào.","NEGATIVE"
"Hơi không theo kịp nhưng em vẫn làm được bài tập.","NEUTRAL"
"Tưởng sẽ theo kịp nhưng cuối cùng em lại thấy cảm thấy bất an.","NEGATIVE"
"Có lúc thấy quá tải thật sự nhưng nhìn chung em vẫn vẫn học ổn.","NEUTRAL"
"Tâm trạng em tốt hơn hẳn, nhìn lại cân bằng học và nghỉ ngơi em thấy vui vì hiểu ra rồi và dễ xử lý hơn trước.","POSITIVE"
"Em cũng muốn hiểu bài lắm nhưng hiện tại chỉ thấy rất mệt mỏi thôi.","NEGATIVE"
"Tài liệu thầy cho rõ ràng, em tự đọc được.","POSITIVE"
"Nhờ môi trường lớp tích cực nên em có thêm năng lượng, thấy chill hơn hẳn với mọi thứ, kể cả chuyện tình cảm.","POSITIVE"
"Học kỳ này em cảm thấy tiến bộ rõ rệt, rất vui.","POSITIVE"
"Hơi cáu gắt liên tục nhưng em vẫn hiểu được nội dung chính.","NEUTRAL"
"Dù áp lực vì bài hơi khó nhưng cuối cùng em vẫn theo kịp bài.","POSITIVE"
"Tâm trạng em tốt hơn hẳn, nhìn lại bài kiểm tra giữa kỳ em thấy có động lực hơn hẳn và dễ xử lý hơn trước.","POSITIVE"
"Em thấy môn này cần kiên nhẫn, chứ không đặc biệt khó.","NEUTRAL"
"Dù lịch học dày nhưng em vẫn theo kịp bài tốt, không quá lo.","POSITIVE"
"Mặc dù không theo kịp nhưng em vẫn hiểu được nội dung chính được.","NEUTRAL"
"Dạo này em đang gặp chuyện áp lực thi cử tích lũy quá lâu, vì thế khi đối mặt với việc nấu ăn tự túc cứ thấy không thở được và khó tập trung.","NEGATIVE"
"Em chưa quyết định được hướng đi nên mọi thứ, kể cả mối quan hệ với thầy cô, vẫn còn học được.","NEUTRAL"
"Thầy hay cho ví dụ thực tế lắm, dễ nhớ hơn.","POSITIVE"
"Dù hơi rất mệt mỏi thật nhưng em vẫn đang giữ được tâm lý tốt bình thường.","NEUTRAL"
"thiếu ngủ không làm em nản, em vẫn theo kịp bài như thường.","POSITIVE"
"Tuy mất động lực nhưng nhìn chung em vẫn giữ được tâm lý tốt.","NEUTRAL"
"Mặc dù rất mệt mỏi nhưng em vẫn theo kịp bài được.","NEUTRAL"
"Gần đây em cân đối được thời gian hơn nên chuyện tình cảm không còn là áp lực lớn, em thấy rất thoải mái.","POSITIVE"
"Dù hơi rất mệt mỏi thật nhưng em vẫn đang làm được bài tập bình thường.","NEUTRAL"
"Cứ nghĩ mọi thứ sẽ ổn hơn nhưng em lại thấy không tập trung được hoài.","NEGATIVE"
"Dạo này em đang gặp chuyện tài chính eo hẹp làm em lo lắng, vì thế khi đối mặt với mối quan hệ với thầy cô cứ thấy nặng nề trong lòng và khó tập trung.","NEGATIVE"
"Tưởng sẽ học tốt nhưng cuối cùng em lại thấy đuối sức.","NEGATIVE"
"Mặc dù cáu gắt liên tục nhưng em vẫn hiểu được nội dung chính được.","NEUTRAL"
"Dù đã cố gắng nhưng em vẫn cứ thấy không tập trung được, không biết làm thế nào.","NEGATIVE"
"Em bị quá tải thật sự, không biết ưu tiên cái gì nữa.","NEGATIVE"
"Chuyện mất ngủ liên tục mấy tuần nay đang ảnh hưởng nhiều, cứ tiếp cận tâm trạng gần đây mà em luôn trong trạng thái đuối sức mấy ngày nay.","NEGATIVE"
"Dù áp lực vì tiến độ nhanh nhưng cuối cùng em vẫn hiểu được nội dung chính.","POSITIVE"
"Dù áp lực vì bài hơi khó nhưng cuối cùng em vẫn xử lý ổn mọi thứ.","POSITIVE"
"Tưởng sẽ cân bằng được nhưng cuối cùng em lại thấy cáu gắt liên tục.","NEGATIVE"
"Có lúc thấy cảm thấy bất an nhưng nhìn chung em vẫn theo kịp bài.","NEUTRAL"
"Có lúc thấy mất động lực nhưng nhìn chung em vẫn hiểu được nội dung chính.","NEUTRAL"
"Dù đã cố gắng nhưng em vẫn cứ thấy cảm thấy bất an, không biết làm thế nào.","NEGATIVE"
"Mặc dù quá tải thật sự nhưng em vẫn giữ được tâm lý tốt được.","NEUTRAL"
"Dù thiếu ngủ nhưng em vẫn xử lý ổn mọi thứ tốt, không quá lo.","POSITIVE"
"Hơi mất động lực nhưng em vẫn giữ được tâm lý tốt.","NEUTRAL"
"Em đang phải vừa lo việc làm thêm chiếm hết thời gian vừa lo kế hoạch sau tốt nghiệp, cảm giác mất động lực thật sự, không biết trụ được bao lâu.","NEGATIVE"
"Mặc dù không theo kịp nhưng em vẫn làm được bài tập được.","NEUTRAL"
"Dù áp lực vì tiến độ nhanh nhưng cuối cùng em vẫn theo kịp bài.","POSITIVE"
"Dù bài hơi khó, em vẫn cảm thấy ổn và xử lý ổn mọi thứ được.","POSITIVE"
"Dù hơi kiệt sức thật nhưng em vẫn đang làm được bài tập bình thường.","NEUTRAL"
"Em cũng muốn hiểu bài lắm nhưng hiện tại chỉ thấy cáu gắt liên tục thôi.","NEGATIVE"
"Nhờ ngủ đủ giấc hơn trước nên em có thêm năng lượng, thấy hứng thú hẳn lên với mọi thứ, kể cả cách chấm điểm.","POSITIVE"
"Em vẫn đang cố cân bằng giữa cuộc sống và mức năng lượng hàng ngày nên nhìn chung thấy ổn định thôi.","NEUTRAL"
"Tưởng sẽ cân bằng được nhưng cuối cùng em lại thấy đuối sức.","NEGATIVE"
"Cứ nghĩ mọi thứ sẽ ổn hơn nhưng em lại thấy stress nặng hoài.","NEGATIVE"
"Dù thiếu ngủ, em vẫn cảm thấy ổn và làm được bài tập được.","POSITIVE"
"Tâm trạng em tốt hơn hẳn, nhìn lại feedback từ thầy cô em thấy tự tin hơn trước nhiều và dễ xử lý hơn trước.","POSITIVE"
"Cứ nghĩ mọi thứ sẽ ổn hơn nhưng em lại thấy kiệt sức hoài.","NEGATIVE"
"Dù bài hơi khó, em vẫn cảm thấy ổn và vẫn học ổn được.","POSITIVE"
"Mặc dù đuối sức nhưng em vẫn làm được bài tập được.","NEUTRAL"
"Cứ tưởng sẽ dễ theo kịp hơn nhưng thực ra em đang cáu gắt liên tục nhiều lắm.","NEGATIVE"
"Em biết không hiểu bài mà ngại hỏi không phải lỗi của ai nhưng cứ thấy rất chán nản và không kiểm soát được cảm xúc.","NEGATIVE"
"Dù hơi mất động lực thật nhưng em vẫn đang xử lý ổn mọi thứ bình thường.","NEUTRAL"
"Cứ tưởng sẽ dễ vượt qua dễ dàng hơn nhưng thực ra em đang stress nặng nhiều lắm.","NEGATIVE"
"Có lúc thấy kiệt sức nhưng nhìn chung em vẫn xử lý ổn mọi thứ.","NEUTRAL"
"Dù hơi bực bội không kiểm soát được thật nhưng em vẫn đang hiểu được nội dung chính bình thường.","NEUTRAL"
"Nhờ tìm được phương pháp học phù hợp nên em có thêm năng lượng, thấy rất thoải mái với mọi thứ, kể cả việc nấu ăn tự túc.","POSITIVE"
"Em chưa quyết định được hướng đi nên mọi thứ, kể cả tâm lý bất ổn, vẫn còn ổn định.","NEUTRAL"
"Vì mất định hướng không biết đi đâu nên dù mối quan hệ nhóm không hẳn là quá khó, em vẫn cứ thấy nặng nề trong lòng liên tục.","NEGATIVE"
"Hơi đuối sức nhưng em vẫn vẫn học ổn.","NEUTRAL"
"Hơi không theo kịp nhưng em vẫn hiểu được nội dung chính.","NEUTRAL"
"lịch học dày không làm em nản, em vẫn hiểu được nội dung chính như thường.","POSITIVE"
"Gần đây em cân đối được thời gian hơn nên mục tiêu cá nhân không còn là áp lực lớn, em thấy khá tự tin.","POSITIVE"
"Cứ tưởng sẽ dễ hiểu bài hơn nhưng thực ra em đang stress nặng nhiều lắm.","NEGATIVE"
"Tuy không theo kịp nhưng nhìn chung em vẫn hiểu được nội dung chính.","NEUTRAL"
"Em chưa quyết định được hướng đi nên mọi thứ, kể cả sức đề kháng giảm, vẫn còn chưa có cảm xúc gì mạnh.","NEUTRAL"
"Cứ tưởng sẽ dễ cân bằng được hơn nhưng thực ra em đang rất mệt mỏi nhiều lắm.","NEGATIVE"
"Em cũng muốn ổn định lắm nhưng hiện tại chỉ thấy quá tải thật sự thôi.","NEGATIVE"
"Tưởng sẽ ổn định nhưng cuối cùng em lại thấy đuối sức.","NEGATIVE"
"Gần đây em cân đối được thời gian hơn nên chuyện tình cảm không còn là áp lực lớn, em thấy nhẹ đầu hơn nhiều.","POSITIVE"
"Em đang phải vừa lo cảm thấy cô đơn và không có ai chia sẻ vừa lo bạn bè trong lớp, cảm giác bị quá tải thật sự, không biết trụ được bao lâu.","NEGATIVE"
"Gần đây em cân đối được thời gian hơn nên giấc ngủ không còn là áp lực lớn, em thấy hài lòng ghê.","POSITIVE"
"Em đang phải vừa lo kỳ vọng của gia đình quá lớn vừa lo cảm giác mất phương hướng, cảm giác muốn bỏ cuộc thật sự, không biết trụ được bao lâu.","NEGATIVE"
"Lo lắng về điểm giữa kỳ nhưng em vẫn đang ôn tập bình thường.","NEUTRAL"
"Có lúc thấy rất mệt mỏi nhưng nhìn chung em vẫn vẫn học ổn.","NEUTRAL"
"Chuyện không hiểu bài mà ngại hỏi đang ảnh hưởng nhiều, cứ tiếp cận mối quan hệ nhóm mà em luôn trong trạng thái nản lắm rồi mấy ngày nay.","NEGATIVE"
"Em cũng muốn theo kịp lắm nhưng hiện tại chỉ thấy không tập trung được thôi.","NEGATIVE"
"Dù hơi không theo kịp thật nhưng em vẫn đang vẫn học ổn bình thường.","NEUTRAL"
"Dù hơi stress nặng thật nhưng em vẫn đang hiểu được nội dung chính bình thường.","NEUTRAL"
"Dạo này tinh thần em khá ổn, đối mặt với lo ngại về việc làm em thấy hứng thú hẳn lên và dễ chịu hơn trước.","POSITIVE"
"Tuy mất động lực nhưng nhìn chung em vẫn xử lý ổn mọi thứ.","NEUTRAL"
"Dạo này em đang gặp chuyện cảm thấy cô đơn và không có ai chia sẻ, vì thế khi đối mặt với việc học nhóm cứ thấy đầu óc quay tít và khó tập trung.","NEGATIVE"
"Dạo này em đang gặp chuyện mất ngủ liên tục mấy tuần nay, vì thế khi đối mặt với mục tiêu cá nhân cứ thấy hơi mệt và khó tập trung.","NEGATIVE"
"Tưởng sẽ theo kịp nhưng cuối cùng em lại thấy rất mệt mỏi.","NEGATIVE"
"Hơi đuối sức nhưng em vẫn làm được bài tập.","NEUTRAL"
"Dù áp lực vì lịch học dày nhưng cuối cùng em vẫn theo kịp bài.","POSITIVE"
"Em chưa có cảm xúc gì mạnh với môn này, học xong rồi thôi.","NEUTRAL"
"Dạo này tinh thần em khá ổn, đối mặt với lo âu về tương lai em thấy chill hơn hẳn và dễ chịu hơn trước.","POSITIVE"
"Em biết không có tài liệu rõ ràng không phải lỗi của ai nhưng cứ thấy bất an và không kiểm soát được cảm xúc.","NEGATIVE"
"Tâm trạng em tốt hơn hẳn, nhìn lại áp lực từ bố mẹ em thấy thấy tiến bộ rõ và dễ xử lý hơn trước.","POSITIVE"
"Nhờ được nghỉ ngơi đủ cuối tuần nên em có thêm năng lượng, thấy có động lực hơn hẳn với mọi thứ, kể cả tốc độ giảng bài.","POSITIVE"
"lịch học dày không làm em nản, em vẫn xử lý ổn mọi thứ như thường.","POSITIVE"
"Tuy không tập trung được nhưng nhìn chung em vẫn xử lý ổn mọi thứ.","NEUTRAL"
"Dù hơi đuối sức thật nhưng em vẫn đang vẫn học ổn bình thường.","NEUTRAL"
"Tưởng sẽ vượt qua dễ dàng nhưng cuối cùng em lại thấy mất động lực.","NEGATIVE"
"Dạo này sinh hoạt của em hơi rối nên nỗi sợ thất bại cũng chỉ ở mức ở mức trung bình, chưa có gì nổi bật.","NEUTRAL"
"Dạo này em đang gặp chuyện áp lực từ nhiều môn cùng lúc, vì thế khi đối mặt với chi tiêu hàng tháng cứ thấy nản lắm rồi và khó tập trung.","NEGATIVE"
"Gần đây em cân đối được thời gian hơn nên việc học nhóm không còn là áp lực lớn, em thấy thoải mái và nhẹ nhõm.","POSITIVE"
"Hơi cáu gắt liên tục nhưng em vẫn xử lý ổn mọi thứ.","NEUTRAL"
"Tâm trạng em tốt hơn hẳn, nhìn lại việc ăn uống em thấy thoải mái và nhẹ nhõm và dễ xử lý hơn trước.","POSITIVE"
"Tâm trạng em tốt hơn hẳn, nhìn lại định hướng nghề nghiệp em thấy hài lòng ghê và dễ xử lý hơn trước.","POSITIVE"
"Mặc dù quá tải thật sự nhưng em vẫn xử lý ổn mọi thứ được.","NEUTRAL"
"Bài này em chưa nắm rõ lắm nhưng chưa đến mức lo nhiều.","NEUTRAL"
"Do bài nhiều mà thời gian không đủ kéo dài, em trở nên tê liệt không muốn làm gì với xung quanh, kể cả với nỗi sợ thất bại dù không muốn vậy.","NEGATIVE"
"Do kỳ vọng của gia đình quá lớn kéo dài, em trở nên dễ nản với xung quanh, kể cả với chuyện gia đình dù không muốn vậy.","NEGATIVE"
"tiến độ nhanh không làm em nản, em vẫn theo kịp bài như thường.","POSITIVE"
"Cứ tưởng sẽ dễ ổn định hơn nhưng thực ra em đang cảm thấy bất an nhiều lắm.","NEGATIVE"
"Dù áp lực vì áp lực thi cử nhưng cuối cùng em vẫn giữ được tâm lý tốt.","POSITIVE"
"Cứ tưởng sẽ dễ ổn định hơn nhưng thực ra em đang rất mệt mỏi nhiều lắm.","NEGATIVE"
"Em cũng muốn theo kịp lắm nhưng hiện tại chỉ thấy bực bội không kiểm soát được thôi.","NEGATIVE"
"Em vẫn đang cố cân bằng giữa cuộc sống và thời gian tự do nên nhìn chung thấy tạm chấp nhận được thôi.","NEUTRAL"
"Tuy quá tải thật sự nhưng nhìn chung em vẫn giữ được tâm lý tốt.","NEUTRAL"
"Nhờ áp lực gia đình giảm bớt nên em có thêm năng lượng, thấy phấn khởi hơn nhiều với mọi thứ, kể cả bạn bè trong lớp.","POSITIVE"
"Dạo này tinh thần em khá ổn, đối mặt với tài liệu học tập em thấy hài lòng ghê và dễ chịu hơn trước.","POSITIVE"
"Cứ tưởng sẽ dễ cân bằng được hơn nhưng thực ra em đang bực bội không kiểm soát được nhiều lắm.","NEGATIVE"
"Gần đây em cân đối được thời gian hơn nên chuyện tình cảm không còn là áp lực lớn, em thấy tự tin hơn trước nhiều.","POSITIVE"
"Em chưa quyết định được hướng đi nên mọi thứ, kể cả tình trạng mệt mỏi, vẫn còn bình bình.","NEUTRAL"
"Vì thiếu ngủ liên tục mấy ngày nên dù cảm giác mất phương hướng không hẳn là quá khó, em vẫn cứ thấy mất động lực liên tục.","NEGATIVE"
"Dù áp lực vì tiến độ nhanh nhưng cuối cùng em vẫn vẫn học ổn.","POSITIVE"
"Em biết không hiểu bài mà ngại hỏi không phải lỗi của ai nhưng cứ thấy nặng nề trong lòng và không kiểm soát được cảm xúc.","NEGATIVE"
"Tuy kiệt sức nhưng nhìn chung em vẫn hiểu được nội dung chính.","NEUTRAL"
"Em đang phải vừa lo mất định hướng không biết đi đâu vừa lo mức năng lượng hàng ngày, cảm giác không thoải mái thật sự, không biết trụ được bao lâu.","NEGATIVE"
"bài hơi khó không làm em nản, em vẫn xử lý ổn mọi thứ như thường.","POSITIVE"
"Em cũng muốn hiểu bài lắm nhưng hiện tại chỉ thấy bực bội không kiểm soát được thôi.","NEGATIVE"
"Em chưa quyết định được hướng đi nên mọi thứ, kể cả việc học nhóm, vẫn còn không có gì nổi bật.","NEUTRAL"
"Em cũng muốn cân bằng được lắm nhưng hiện tại chỉ thấy quá tải thật sự thôi.","NEGATIVE"
"Hơi không tập trung được nhưng em vẫn giữ được tâm lý tốt.","NEUTRAL"
"Em biết tiến độ học quá nhanh không phải lỗi của ai nhưng cứ thấy đầu óc quay tít và không kiểm soát được cảm xúc.","NEGATIVE"
"Tuy quá tải thật sự nhưng nhìn chung em vẫn làm được bài tập.","NEUTRAL"
"Hơi rất mệt mỏi nhưng em vẫn theo kịp bài.","NEUTRAL"
"Dạo này em đang gặp chuyện không hiểu bài mà ngại hỏi, vì thế khi đối mặt với kế hoạch sau tốt nghiệp cứ thấy muốn bỏ cuộc và khó tập trung.","NEGATIVE"
"Vì tiến độ học quá nhanh nên dù việc tìm kiếm thực tập không hẳn là quá khó, em vẫn cứ thấy kiệt sức liên tục.","NEGATIVE"
"Dù áp lực thi cử nhưng em vẫn giữ được tâm lý tốt tốt, không quá lo.","POSITIVE"
"Tâm trạng em tốt hơn hẳn, nhìn lại việc làm thêm em thấy thoải mái và nhẹ nhõm và dễ xử lý hơn trước.","POSITIVE"
"Cứ tưởng sẽ dễ cân bằng được hơn nhưng thực ra em đang quá tải thật sự nhiều lắm.","NEGATIVE"
"Tuy mất động lực nhưng nhìn chung em vẫn hiểu được nội dung chính.","NEUTRAL"
"Cứ tưởng sẽ dễ theo kịp hơn nhưng thực ra em đang kiệt sức nhiều lắm.","NEGATIVE"
"Do không có tài liệu rõ ràng kéo dài, em trở nên rất áp lực với xung quanh, kể cả với việc nấu ăn tự túc dù không muốn vậy.","NEGATIVE"
"Dù tiến độ nhanh nhưng em vẫn vẫn học ổn tốt, không quá lo.","POSITIVE"
"Cứ tưởng sẽ dễ cân bằng được hơn nhưng thực ra em đang stress nặng nhiều lắm.","NEGATIVE"
"Dù hơi cảm thấy bất an thật nhưng em vẫn đang hiểu được nội dung chính bình thường.","NEUTRAL"
"Vì kỳ vọng của gia đình quá lớn nên dù cảm giác không đủ năng lực không hẳn là quá khó, em vẫn cứ thấy rất chán nản liên tục.","NEGATIVE"
"Hơi bực bội không kiểm soát được nhưng em vẫn vẫn học ổn.","NEUTRAL"
"Cứ tưởng sẽ dễ cân bằng được hơn nhưng thực ra em đang không theo kịp nhiều lắm.","NEGATIVE"
"Dạo này em đang gặp chuyện thiếu ngủ liên tục mấy ngày, vì thế khi đối mặt với việc nấu ăn tự túc cứ thấy bị quá tải và khó tập trung.","NEGATIVE"
"Dù đã cố gắng nhưng em vẫn cứ thấy rất mệt mỏi, không biết làm thế nào.","NEGATIVE"
"Thật ra em đang rất mệt, học kiểu này không vào đầu được.","NEGATIVE"
"Mặc dù cảm thấy bất an nhưng em vẫn xử lý ổn mọi thứ được.","NEUTRAL"
"Tưởng sẽ hiểu bài nhưng cuối cùng em lại thấy đuối sức.","NEGATIVE"
"Tưởng sẽ học tốt nhưng cuối cùng em lại thấy cáu gắt liên tục.","NEGATIVE"
"Vì áp lực thi cử tích lũy quá lâu nên dù mối quan hệ nhóm không hẳn là quá khó, em vẫn cứ thấy tê liệt không muốn làm gì liên tục.","NEGATIVE"
"Gần đây em cân đối được thời gian hơn nên tài liệu học tập không còn là áp lực lớn, em thấy dễ tiếp thu hơn.","POSITIVE"
"Dạo này em đang gặp chuyện sức khoẻ không tốt dạo này, vì thế khi đối mặt với bài thực hành cứ thấy nặng nề trong lòng và khó tập trung.","NEGATIVE"
"áp lực thi cử không làm em nản, em vẫn hiểu được nội dung chính như thường.","POSITIVE"
"Em thấy mọi thứ đang đi đúng hướng, chưa có gì đáng lo.","NEUTRAL"
"Em biết mất ngủ liên tục mấy tuần nay không phải lỗi của ai nhưng cứ thấy cáu gắt và mất kiên nhẫn và không kiểm soát được cảm xúc.","NEGATIVE"
"Dạo này tinh thần em khá ổn, đối mặt với lịch học em thấy vui vì hiểu ra rồi và dễ chịu hơn trước.","POSITIVE"
"Vì sức khoẻ không tốt dạo này nên dù nỗi sợ thất bại không hẳn là quá khó, em vẫn cứ thấy hoang mang thật sự liên tục.","NEGATIVE"
"Em cũng muốn theo kịp lắm nhưng hiện tại chỉ thấy stress nặng thôi.","NEGATIVE"
"Hơi quá tải thật sự nhưng em vẫn giữ được tâm lý tốt.","NEUTRAL"
"Mặc dù kiệt sức nhưng em vẫn xử lý ổn mọi thứ được.","NEUTRAL"
"Gần đây em cân đối được thời gian hơn nên cảm giác bị hiểu lầm không còn là áp lực lớn, em thấy hứng thú hẳn lên.","POSITIVE"
"Dạo này tinh thần em khá ổn, đối mặt với cách chấm điểm em thấy phấn khởi hơn nhiều và dễ chịu hơn trước.","POSITIVE"
"Dù hơi rất mệt mỏi thật nhưng em vẫn đang xử lý ổn mọi thứ bình thường.","NEUTRAL"
"Cứ tưởng sẽ dễ cân bằng được hơn nhưng thực ra em đang mất động lực nhiều lắm.","NEGATIVE"
"Em biết deadline dồn vào một tuần không phải lỗi của ai nhưng cứ thấy hơi mệt và không kiểm soát được cảm xúc.","NEGATIVE"
"Tuy rất mệt mỏi nhưng nhìn chung em vẫn hiểu được nội dung chính.","NEUTRAL"
"Dù hơi stress nặng thật nhưng em vẫn đang làm được bài tập bình thường.","NEUTRAL"
"Mặc dù rất mệt mỏi nhưng em vẫn giữ được tâm lý tốt được.","NEUTRAL"
"Mặc dù stress nặng nhưng em vẫn giữ được tâm lý tốt được.","NEUTRAL"
"Gần đây em cân đối được thời gian hơn nên cảm giác mất phương hướng không còn là áp lực lớn, em thấy phấn khởi hơn nhiều.","POSITIVE"
"Hơi quá tải thật sự nhưng em vẫn vẫn học ổn.","NEUTRAL"
"Nhờ sắp xếp được thời gian hợp lý nên em có thêm năng lượng, thấy dễ tiếp thu hơn với mọi thứ, kể cả feedback từ thầy cô.","POSITIVE"
"Có lúc thấy không theo kịp nhưng nhìn chung em vẫn hiểu được nội dung chính.","NEUTRAL"
"Dù tiến độ nhanh nhưng em vẫn theo kịp bài tốt, không quá lo.","POSITIVE"
"Kỳ này em cân bằng được học và nghỉ ngơi, cảm thấy ổn lắm.","POSITIVE"
"Em vẫn đang cố cân bằng giữa cuộc sống và đi lại hàng ngày nên nhìn chung thấy không có gì nổi bật thôi.","NEUTRAL"
"Tuy không tập trung được nhưng nhìn chung em vẫn vẫn học ổn.","NEUTRAL"
"Em chưa quyết định được hướng đi nên mọi thứ, kể cả tốc độ giảng bài, vẫn còn vừa phải.","NEUTRAL"
"Em vẫn theo kịp, dù có một số phần hơi mơ hồ.","NEUTRAL"
"Dù tiến độ nhanh, em vẫn cảm thấy ổn và vẫn học ổn được.","POSITIVE"
"Có lúc thấy bực bội không kiểm soát được nhưng nhìn chung em vẫn giữ được tâm lý tốt.","NEUTRAL"
"Dù áp lực vì deadline nhiều nhưng cuối cùng em vẫn xử lý ổn mọi thứ.","POSITIVE"
"Dạo này tinh thần em khá ổn, đối mặt với cảm giác không đủ năng lực em thấy thấy tiến bộ rõ và dễ chịu hơn trước.","POSITIVE"
"Dù hơi stress nặng thật nhưng em vẫn đang vẫn học ổn bình thường.","NEUTRAL"
"Dù thiếu ngủ nhưng em vẫn giữ được tâm lý tốt tốt, không quá lo.","POSITIVE"
"Tưởng sẽ ổn định nhưng cuối cùng em lại thấy không theo kịp.","NEGATIVE"
"Dạo này tinh thần em khá ổn, đối mặt với thời gian tự do em thấy rất thoải mái và dễ chịu hơn trước.","POSITIVE"
"Dù áp lực vì tiến độ nhanh nhưng cuối cùng em vẫn xử lý ổn mọi thứ.","POSITIVE"
"Có lúc thấy rất mệt mỏi nhưng nhìn chung em vẫn xử lý ổn mọi thứ.","NEUTRAL"
"Hơi bực bội không kiểm soát được nhưng em vẫn hiểu được nội dung chính.","NEUTRAL"
"Có lúc thấy stress nặng nhưng nhìn chung em vẫn làm được bài tập.","NEUTRAL"
"Gần đây em cân đối được thời gian hơn nên lịch học không còn là áp lực lớn, em thấy thoải mái và nhẹ nhõm.","POSITIVE"
"Tuy không theo kịp nhưng nhìn chung em vẫn giữ được tâm lý tốt.","NEUTRAL"
"Dù deadline nhiều nhưng em vẫn hiểu được nội dung chính tốt, không quá lo.","POSITIVE"
"Em thích cái cách thầy kết nối lý thuyết với thực tế.","POSITIVE"
"Chuyện tiến độ học quá nhanh đang ảnh hưởng nhiều, cứ tiếp cận nỗi sợ thất bại mà em luôn trong trạng thái lo lắng không yên mấy ngày nay.","NEGATIVE"
"Dạo này tinh thần em khá ổn, đối mặt với áp lực thi cử em thấy thấy tiến bộ rõ và dễ chịu hơn trước.","POSITIVE"
"Em đang phải vừa lo áp lực từ nhiều môn cùng lúc vừa lo việc nấu ăn tự túc, cảm giác không thoải mái thật sự, không biết trụ được bao lâu.","NEGATIVE"
"Do sức khoẻ không tốt dạo này kéo dài, em trở nên rất áp lực với xung quanh, kể cả với bạn bè trong lớp dù không muốn vậy.","NEGATIVE"
"Do bài nhiều mà thời gian không đủ kéo dài, em trở nên không thoải mái với xung quanh, kể cả với đau đầu liên tục dù không muốn vậy.","NEGATIVE"
"Có lúc thấy kiệt sức nhưng nhìn chung em vẫn vẫn học ổn.","NEUTRAL"
"Em thấy nản vì cố mãi mà điểm vẫn không cải thiện.","NEGATIVE"
"Dù deadline nhiều, em vẫn cảm thấy ổn và làm được bài tập được.","POSITIVE"
"Do chuyện gia đình làm em phân tâm kéo dài, em trở nên cáu gắt và mất kiên nhẫn với xung quanh, kể cả với áp lực thi cử dù không muốn vậy.","NEGATIVE"
"Gần đây em cân đối được thời gian hơn nên deadline bài tập không còn là áp lực lớn, em thấy thấy tiến bộ rõ.","POSITIVE"
"Em chưa quyết định được hướng đi nên mọi thứ, kể cả giấc ngủ, vẫn còn học được.","NEUTRAL"
"Chuyện kỳ vọng của gia đình quá lớn đang ảnh hưởng nhiều, cứ tiếp cận cảm giác cô đơn mà em luôn trong trạng thái bất an mấy ngày nay.","NEGATIVE"
"Có lúc thấy kiệt sức nhưng nhìn chung em vẫn hiểu được nội dung chính.","NEUTRAL"
"Nhờ bạn nhóm hợp tác tốt nên em có thêm năng lượng, thấy dễ tiếp thu hơn với mọi thứ, kể cả tài liệu học tập.","POSITIVE"
"Hơi kiệt sức nhưng em vẫn làm được bài tập.","NEUTRAL"
"Gần đây em cân đối được thời gian hơn nên đi lại hàng ngày không còn là áp lực lớn, em thấy có động lực hơn hẳn.","POSITIVE"
"Dù hơi cáu gắt liên tục thật nhưng em vẫn đang giữ được tâm lý tốt bình thường.","NEUTRAL"
"Tưởng sẽ ổn định nhưng cuối cùng em lại thấy cáu gắt liên tục.","NEGATIVE"
"Tưởng sẽ hiểu bài nhưng cuối cùng em lại thấy mất động lực.","NEGATIVE"
"Em cũng muốn vượt qua dễ dàng lắm nhưng hiện tại chỉ thấy rất mệt mỏi thôi.","NEGATIVE"
"Tâm trạng em tốt hơn hẳn, nhìn lại việc ăn uống em thấy yên tâm hơn nhiều và dễ xử lý hơn trước.","POSITIVE"
"Hơi bực bội không kiểm soát được nhưng em vẫn giữ được tâm lý tốt.","NEUTRAL"
"Tưởng sẽ vượt qua dễ dàng nhưng cuối cùng em lại thấy stress nặng.","NEGATIVE"
"Tâm trạng em tốt hơn hẳn, nhìn lại tài liệu học tập em thấy yên tâm hơn nhiều và dễ xử lý hơn trước.","POSITIVE"
"Gần đây em cân đối được thời gian hơn nên lịch học không còn là áp lực lớn, em thấy vui vì hiểu ra rồi.","POSITIVE"
"tiến độ nhanh không làm em nản, em vẫn xử lý ổn mọi thứ như thường.","POSITIVE"
"Em trở nên khó chịu và thiếu kiên nhẫn hơn, áp lực học hành đè nặng quá.","NEGATIVE"
"Dù áp lực vì bài hơi khó nhưng cuối cùng em vẫn vẫn học ổn.","POSITIVE"
"Dù hơi kiệt sức thật nhưng em vẫn đang hiểu được nội dung chính bình thường.","NEUTRAL"
"Tuy đuối sức nhưng nhìn chung em vẫn vẫn học ổn.","NEUTRAL"
"Em cũng muốn theo kịp lắm nhưng hiện tại chỉ thấy cáu gắt liên tục thôi.","NEGATIVE"
"Tâm trạng em tốt hơn hẳn, nhìn lại chuyện gia đình em thấy chill hơn hẳn và dễ xử lý hơn trước.","POSITIVE"
"Do kỳ vọng của gia đình quá lớn kéo dài, em trở nên mất động lực với xung quanh, kể cả với giấc ngủ dù không muốn vậy.","NEGATIVE"
"Dạo này em đang gặp chuyện không hiểu bài mà ngại hỏi, vì thế khi đối mặt với cân bằng học và nghỉ ngơi cứ thấy mất động lực và khó tập trung.","NEGATIVE"
"Tuy rất mệt mỏi nhưng nhìn chung em vẫn giữ được tâm lý tốt.","NEUTRAL"
"Vì không hiểu bài mà ngại hỏi nên dù sức đề kháng giảm không hẳn là quá khó, em vẫn cứ thấy kiệt sức liên tục.","NEGATIVE"
"Mặc dù mất động lực nhưng em vẫn theo kịp bài được.","NEUTRAL"
"Em cũng muốn vượt qua dễ dàng lắm nhưng hiện tại chỉ thấy kiệt sức thôi.","NEGATIVE"
"Chuyện nhóm không làm việc được với nhau đang ảnh hưởng nhiều, cứ tiếp cận lo âu về tương lai mà em luôn trong trạng thái rất chán nản mấy ngày nay.","NEGATIVE"
"Mặc dù mất động lực nhưng em vẫn giữ được tâm lý tốt được.","NEUTRAL"
"Mặc dù không tập trung được nhưng em vẫn hiểu được nội dung chính được.","NEUTRAL"
"Cứ tưởng sẽ dễ theo kịp hơn nhưng thực ra em đang đuối sức nhiều lắm.","NEGATIVE"
"Gần đây em cân đối được thời gian hơn nên tài liệu học tập không còn là áp lực lớn, em thấy rất thoải mái.","POSITIVE"
"tiến độ nhanh không làm em nản, em vẫn vẫn học ổn như thường.","POSITIVE"
"Do áp lực từ nhiều môn cùng lúc kéo dài, em trở nên đầu óc quay tít với xung quanh, kể cả với tâm trạng gần đây dù không muốn vậy.","NEGATIVE"
"Chuyện áp lực thi cử tích lũy quá lâu đang ảnh hưởng nhiều, cứ tiếp cận chỗ ở trọ mà em luôn trong trạng thái đầu óc quay tít mấy ngày nay.","NEGATIVE"
"Dạo này em đang gặp chuyện mất định hướng không biết đi đâu, vì thế khi đối mặt với sự phù hợp của ngành học cứ thấy cáu gắt và mất kiên nhẫn và khó tập trung.","NEGATIVE"
"Dù deadline nhiều nhưng em vẫn vẫn học ổn tốt, không quá lo.","POSITIVE"
"Dạo này tinh thần em khá ổn, đối mặt với mối quan hệ với thầy cô em thấy yên tâm hơn nhiều và dễ chịu hơn trước.","POSITIVE"
"Em biết áp lực từ nhiều môn cùng lúc không phải lỗi của ai nhưng cứ thấy cáu gắt và mất kiên nhẫn và không kiểm soát được cảm xúc.","NEGATIVE"
"Có lúc thấy rất mệt mỏi nhưng nhìn chung em vẫn theo kịp bài.","NEUTRAL"
"Dạo này tinh thần em khá ổn, đối mặt với sự phù hợp của ngành học em thấy rất thoải mái và dễ chịu hơn trước.","POSITIVE"
"Em cũng muốn theo kịp lắm nhưng hiện tại chỉ thấy quá tải thật sự thôi.","NEGATIVE"
"Có lúc thấy quá tải thật sự nhưng nhìn chung em vẫn hiểu được nội dung chính.","NEUTRAL"
"Tâm trạng em tốt hơn hẳn, nhìn lại đau đầu liên tục em thấy rất thoải mái và dễ xử lý hơn trước.","POSITIVE"
"Dù hơi quá tải thật sự thật nhưng em vẫn đang làm được bài tập bình thường.","NEUTRAL"
"Sau buổi hỏi thêm, em nắm bài chắc hơn hẳn.","POSITIVE"
"Dạo này em học vào hơn, có lẽ do bài hay hơn.","POSITIVE"
"Cứ tưởng sẽ dễ theo kịp hơn nhưng thực ra em đang bực bội không kiểm soát được nhiều lắm.","NEGATIVE"
"Gần đây em cân đối được thời gian hơn nên feedback từ thầy cô không còn là áp lực lớn, em thấy rất thoải mái.","POSITIVE"
"Dù thiếu ngủ, em vẫn cảm thấy ổn và xử lý ổn mọi thứ được.","POSITIVE"
"Nhờ ngủ đủ giấc hơn trước nên em có thêm năng lượng, thấy có động lực hơn hẳn với mọi thứ, kể cả áp lực từ bố mẹ.","POSITIVE"
"Dù áp lực vì thiếu ngủ nhưng cuối cùng em vẫn xử lý ổn mọi thứ.","POSITIVE"
"Có lúc thấy rất mệt mỏi nhưng nhìn chung em vẫn hiểu được nội dung chính.","NEUTRAL"
"Em chưa quyết định được hướng đi nên mọi thứ, kể cả mức năng lượng hàng ngày, vẫn còn vừa phải.","NEUTRAL"
"Hơi mất động lực nhưng em vẫn theo kịp bài.","NEUTRAL"
"Nhờ được nghỉ ngơi đủ cuối tuần nên em có thêm năng lượng, thấy dễ tiếp thu hơn với mọi thứ, kể cả chỗ ở trọ.","POSITIVE"
"Hơi stress nặng nhưng em vẫn hiểu được nội dung chính.","NEUTRAL"
"Dù áp lực vì thiếu ngủ nhưng cuối cùng em vẫn hiểu được nội dung chính.","POSITIVE"
"Dù áp lực vì tiến độ nhanh nhưng cuối cùng em vẫn làm được bài tập.","POSITIVE"
"Em cũng muốn ổn định lắm nhưng hiện tại chỉ thấy cáu gắt liên tục thôi.","NEGATIVE"
"Bài hơi khó nhưng em vẫn xử lý được.","NEUTRAL"
"Dù đã cố gắng nhưng em vẫn cứ thấy cáu gắt liên tục, không biết làm thế nào.","NEGATIVE"
"Cứ tưởng sẽ dễ vượt qua dễ dàng hơn nhưng thực ra em đang không tập trung được nhiều lắm.","NEGATIVE"
"Dù deadline nhiều nhưng em vẫn giữ được tâm lý tốt tốt, không quá lo.","POSITIVE"
"Nhờ được nghỉ ngơi đủ cuối tuần nên em có thêm năng lượng, thấy hài lòng ghê với mọi thứ, kể cả bài kiểm tra giữa kỳ.","POSITIVE"
"Nhờ em chủ động hỏi thêm nên em có thêm năng lượng, thấy thoải mái và nhẹ nhõm với mọi thứ, kể cả cân bằng học và nghỉ ngơi.","POSITIVE"
"Dù hơi quá tải thật sự thật nhưng em vẫn đang theo kịp bài bình thường.","NEUTRAL"
"Em đang phải vừa lo sức khoẻ không tốt dạo này vừa lo tâm trạng gần đây, cảm giác stress liên tục thật sự, không biết trụ được bao lâu.","NEGATIVE"
"Dù lịch học dày, em vẫn cảm thấy ổn và vẫn học ổn được.","POSITIVE"
"Deadline dồn hết vào một tuần, em không thở được.","NEGATIVE"
"Có lúc thấy mất động lực nhưng nhìn chung em vẫn xử lý ổn mọi thứ.","NEUTRAL"
"Em đang phải vừa lo mất ngủ liên tục mấy tuần nay vừa lo cảm giác mất phương hướng, cảm giác muốn bỏ cuộc thật sự, không biết trụ được bao lâu.","NEGATIVE"
"Dù hơi không theo kịp thật nhưng em vẫn đang giữ được tâm lý tốt bình thường.","NEUTRAL"
"Hơi cáu gắt liên tục nhưng em vẫn giữ được tâm lý tốt.","NEUTRAL"
"Tâm trạng em tốt hơn hẳn, nhìn lại việc tìm kiếm thực tập em thấy rất ổn và dễ xử lý hơn trước.","POSITIVE"
"Dạo này em đang gặp chuyện nhóm không làm việc được với nhau, vì thế khi đối mặt với cảm giác không đủ năng lực cứ thấy đuối sức và khó tập trung.","NEGATIVE"
"Dù deadline nhiều, em vẫn cảm thấy ổn và theo kịp bài được.","POSITIVE"
"Có lúc thấy mất động lực nhưng nhìn chung em vẫn làm được bài tập.","NEUTRAL"
"Deadline tuần này nhiều hơn bình thường, hơi bận.","NEUTRAL"
"Có lúc thấy bực bội không kiểm soát được nhưng nhìn chung em vẫn theo kịp bài.","NEUTRAL"
"Dù hơi kiệt sức thật nhưng em vẫn đang giữ được tâm lý tốt bình thường.","NEUTRAL"
"Cô giải thích rõ ràng, em hiểu bài nhanh hơn nhiều.","POSITIVE"
"Dù áp lực vì lịch học dày nhưng cuối cùng em vẫn làm được bài tập.","POSITIVE"
"Không hiểu bài, hỏi thì ngại, cứ thế ngồi ngẩn.","NEGATIVE"
"Nhờ sắp xếp được thời gian hợp lý nên em có thêm năng lượng, thấy khá tự tin với mọi thứ, kể cả chỗ ở trọ.","POSITIVE"
"Nhờ áp lực gia đình giảm bớt nên em có thêm năng lượng, thấy có động lực hơn hẳn với mọi thứ, kể cả sự phù hợp của ngành học.","POSITIVE"
"Tuy cảm thấy bất an nhưng nhìn chung em vẫn giữ được tâm lý tốt.","NEUTRAL"
"Mặc dù rất mệt mỏi nhưng em vẫn làm được bài tập được.","NEUTRAL"
"Tưởng sẽ cân bằng được nhưng cuối cùng em lại thấy không theo kịp.","NEGATIVE"
"Em cũng muốn ổn định lắm nhưng hiện tại chỉ thấy đuối sức thôi.","NEGATIVE"
"Dù tiến độ nhanh, em vẫn cảm thấy ổn và theo kịp bài được.","POSITIVE"
"Tâm trạng em tốt hơn hẳn, nhìn lại cảm giác không đủ năng lực em thấy yên tâm hơn nhiều và dễ xử lý hơn trước.","POSITIVE"
"Em cũng muốn hiểu bài lắm nhưng hiện tại chỉ thấy mất động lực thôi.","NEGATIVE"
"Tuy quá tải thật sự nhưng nhìn chung em vẫn hiểu được nội dung chính.","NEUTRAL"
"Tuy bực bội không kiểm soát được nhưng nhìn chung em vẫn giữ được tâm lý tốt.","NEUTRAL"
"Hơi cảm thấy bất an nhưng em vẫn vẫn học ổn.","NEUTRAL"
"Gần đây em cân đối được thời gian hơn nên tâm lý bất ổn không còn là áp lực lớn, em thấy có động lực hơn hẳn.","POSITIVE"
"Hơi không tập trung được nhưng em vẫn xử lý ổn mọi thứ.","NEUTRAL"
"Tuy kiệt sức nhưng nhìn chung em vẫn làm được bài tập.","NEUTRAL"
"Tâm trạng em tốt hơn hẳn, nhìn lại cảm giác không đủ năng lực em thấy thấy tiến bộ rõ và dễ xử lý hơn trước.","POSITIVE"
"Mặc dù rất mệt mỏi nhưng em vẫn hiểu được nội dung chính được.","NEUTRAL"
"Gần đây em cân đối được thời gian hơn nên định hướng nghề nghiệp không còn là áp lực lớn, em thấy có động lực hơn hẳn.","POSITIVE"
"Dù hơi không theo kịp thật nhưng em vẫn đang hiểu được nội dung chính bình thường.","NEUTRAL"
"Bài giảng tuần này dễ hiểu hơn hẳn tuần trước.","POSITIVE"
"Em cũng muốn ổn định lắm nhưng hiện tại chỉ thấy stress nặng thôi.","NEGATIVE"
"Hơi đuối sức nhưng em vẫn hiểu được nội dung chính.","NEUTRAL"
"Dạo này tinh thần em khá ổn, đối mặt với cân bằng học và nghỉ ngơi em thấy có động lực hơn hẳn và dễ chịu hơn trước.","POSITIVE"
"deadline nhiều không làm em nản, em vẫn làm được bài tập như thường.","POSITIVE"
"Dù lịch học dày nhưng em vẫn xử lý ổn mọi thứ tốt, không quá lo.","POSITIVE"
"Em cũng muốn cân bằng được lắm nhưng hiện tại chỉ thấy mất động lực thôi.","NEGATIVE"
"Dạo này em đang gặp chuyện sức khoẻ không tốt dạo này, vì thế khi đối mặt với việc tìm kiếm thực tập cứ thấy nản lắm rồi và khó tập trung.","NEGATIVE"
"deadline nhiều không làm em nản, em vẫn vẫn học ổn như thường.","POSITIVE"
"Dù hơi kiệt sức thật nhưng em vẫn đang theo kịp bài bình thường.","NEUTRAL"
"Dạo này tinh thần em khá ổn, đối mặt với chuyện gia đình em thấy thấy tiến bộ rõ và dễ chịu hơn trước.","POSITIVE"
"Do tiến độ học quá nhanh kéo dài, em trở nên không thoải mái với xung quanh, kể cả với deadline bài tập dù không muốn vậy.","NEGATIVE"
"Em cũng muốn vượt qua dễ dàng lắm nhưng hiện tại chỉ thấy đuối sức thôi.","NEGATIVE"
"Dạo này tinh thần em khá ổn, đối mặt với việc tìm kiếm thực tập em thấy có động lực hơn hẳn và dễ chịu hơn trước.","POSITIVE"
"Cứ tưởng sẽ dễ học tốt hơn nhưng thực ra em đang quá tải thật sự nhiều lắm.","NEGATIVE"
"Em biết mất ngủ liên tục mấy tuần nay không phải lỗi của ai nhưng cứ thấy hoang mang thật sự và không kiểm soát được cảm xúc.","NEGATIVE"
"Áp lực quá, em không ngủ được mấy ngày nay.","NEGATIVE"
"Dạo này tinh thần em khá ổn, đối mặt với kế hoạch sau tốt nghiệp em thấy dễ tiếp thu hơn và dễ chịu hơn trước.","POSITIVE"
"Chuyện tài chính eo hẹp làm em lo lắng đang ảnh hưởng nhiều, cứ tiếp cận việc tìm kiếm thực tập mà em luôn trong trạng thái hoang mang thật sự mấy ngày nay.","NEGATIVE"
"Dù hơi cáu gắt liên tục thật nhưng em vẫn đang theo kịp bài bình thường.","NEUTRAL"
"Dù áp lực thi cử, em vẫn cảm thấy ổn và giữ được tâm lý tốt được.","POSITIVE"
"Dù lịch học dày, em vẫn cảm thấy ổn và xử lý ổn mọi thứ được.","POSITIVE"
"Dù hơi đuối sức thật nhưng em vẫn đang theo kịp bài bình thường.","NEUTRAL"
"Cứ tưởng sẽ dễ học tốt hơn nhưng thực ra em đang cảm thấy bất an nhiều lắm.","NEGATIVE"
"Em vẫn đang cố cân bằng giữa cuộc sống và lo ngại về việc làm nên nhìn chung thấy khá ổn thôi.","NEUTRAL"
"Do kỳ vọng của gia đình quá lớn kéo dài, em trở nên kiệt sức với xung quanh, kể cả với mối quan hệ với thầy cô dù không muốn vậy.","NEGATIVE"
"Em đang phải vừa lo tài chính eo hẹp làm em lo lắng vừa lo cảm giác không đủ năng lực, cảm giác rất chán nản thật sự, không biết trụ được bao lâu.","NEGATIVE"
"Em chưa quyết định được hướng đi nên mọi thứ, kể cả bài kiểm tra giữa kỳ, vẫn còn bình bình.","NEUTRAL"
"Dù áp lực thi cử nhưng em vẫn vẫn học ổn tốt, không quá lo.","POSITIVE"
"Chuyện tài chính eo hẹp làm em lo lắng đang ảnh hưởng nhiều, cứ tiếp cận áp lực từ bố mẹ mà em luôn trong trạng thái không tập trung được mấy ngày nay.","NEGATIVE"
"Nhờ tài liệu rõ ràng hơn nên em có thêm năng lượng, thấy chill hơn hẳn với mọi thứ, kể cả mức năng lượng hàng ngày.","POSITIVE"
"Tạm ổn, em vẫn theo kịp bài.","NEUTRAL"
"Tâm trạng em tốt hơn hẳn, nhìn lại lo âu về tương lai em thấy nhẹ đầu hơn nhiều và dễ xử lý hơn trước.","POSITIVE"
"tiến độ nhanh không làm em nản, em vẫn làm được bài tập như thường.","POSITIVE"
"Dù hơi stress nặng thật nhưng em vẫn đang xử lý ổn mọi thứ bình thường.","NEUTRAL"
"Tuy bực bội không kiểm soát được nhưng nhìn chung em vẫn theo kịp bài.","NEUTRAL"
"Hơi cảm thấy bất an nhưng em vẫn xử lý ổn mọi thứ.","NEUTRAL"
"Dù bài hơi khó, em vẫn cảm thấy ổn và hiểu được nội dung chính được.","POSITIVE"
"bài hơi khó không làm em nản, em vẫn hiểu được nội dung chính như thường.","POSITIVE"
"Dù tiến độ nhanh nhưng em vẫn giữ được tâm lý tốt tốt, không quá lo.","POSITIVE"
"Dù áp lực vì lịch học dày nhưng cuối cùng em vẫn vẫn học ổn.","POSITIVE"
"Dù hơi quá tải thật sự thật nhưng em vẫn đang xử lý ổn mọi thứ bình thường.","NEUTRAL"
"Em cũng muốn cân bằng được lắm nhưng hiện tại chỉ thấy không tập trung được thôi.","NEGATIVE"
"Hơi không tập trung được nhưng em vẫn vẫn học ổn.","NEUTRAL"
"Có lúc thấy quá tải thật sự nhưng nhìn chung em vẫn theo kịp bài.","NEUTRAL"
"Gần đây em cân đối được thời gian hơn nên việc làm thêm không còn là áp lực lớn, em thấy thấy tiến bộ rõ.","POSITIVE"
"Tốc độ học vừa phải, em không bị quá tải.","NEUTRAL"
"Cứ tưởng sẽ dễ theo kịp hơn nhưng thực ra em đang cảm thấy bất an nhiều lắm.","NEGATIVE"
"Tâm trạng em tốt hơn hẳn, nhìn lại chi tiêu hàng tháng em thấy yên tâm hơn nhiều và dễ xử lý hơn trước.","POSITIVE"
"Mất ngủ liên tục, sáng nào cũng dậy mà không thấy nghỉ ngơi gì cả.","NEGATIVE"
"Môn này không khó như em nghĩ ban đầu.","POSITIVE"
"Tưởng sẽ hiểu bài nhưng cuối cùng em lại thấy không theo kịp.","NEGATIVE"
"Hơi kiệt sức nhưng em vẫn theo kịp bài.","NEUTRAL"
"Tuy bực bội không kiểm soát được nhưng nhìn chung em vẫn hiểu được nội dung chính.","NEUTRAL"
"Tuy stress nặng nhưng nhìn chung em vẫn làm được bài tập.","NEUTRAL"
"Cứ tưởng sẽ dễ hiểu bài hơn nhưng thực ra em đang không tập trung được nhiều lắm.","NEGATIVE"
"Do bài nhiều mà thời gian không đủ kéo dài, em trở nên muốn bỏ cuộc với xung quanh, kể cả với cảm giác bị hiểu lầm dù không muốn vậy.","NEGATIVE"
"Em cũng muốn học tốt lắm nhưng hiện tại chỉ thấy không theo kịp thôi.","NEGATIVE"
"Tâm trạng em tốt hơn hẳn, nhìn lại sự phù hợp của ngành học em thấy rất ổn và dễ xử lý hơn trước.","POSITIVE"
"Tưởng sẽ theo kịp nhưng cuối cùng em lại thấy đuối sức.","NEGATIVE"
"Áp lực từ gia đình cộng với bài vở khiến em căng thẳng không chịu được.","NEGATIVE"
"Em vẫn đang cố cân bằng giữa cuộc sống và mục tiêu cá nhân nên nhìn chung thấy không thích không ghét thôi.","NEUTRAL"
"Có lúc thấy kiệt sức nhưng nhìn chung em vẫn theo kịp bài.","NEUTRAL"
"Dù thiếu ngủ, em vẫn cảm thấy ổn và hiểu được nội dung chính được.","POSITIVE"
"Em vẫn đang cố cân bằng giữa cuộc sống và cân bằng học và nghỉ ngơi nên nhìn chung thấy bình bình thôi.","NEUTRAL"
"Tình hình cá nhân chưa ổn định nên sức đề kháng giảm cũng chỉ dừng ở mức ở mức trung bình như vậy.","NEUTRAL"
"Dạo này tinh thần em khá ổn, đối mặt với bài thực hành em thấy dễ tiếp thu hơn và dễ chịu hơn trước.","POSITIVE"
"Dù hơi không tập trung được thật nhưng em vẫn đang làm được bài tập bình thường.","NEUTRAL"
"Tưởng sẽ cân bằng được nhưng cuối cùng em lại thấy stress nặng.","NEGATIVE"
"Có lúc thấy không tập trung được nhưng nhìn chung em vẫn vẫn học ổn.","NEUTRAL"
"Dù hơi cáu gắt liên tục thật nhưng em vẫn đang hiểu được nội dung chính bình thường.","NEUTRAL"
"Vì cảm thấy cô đơn và không có ai chia sẻ nên dù việc tìm kiếm thực tập không hẳn là quá khó, em vẫn cứ thấy khó theo kịp liên tục.","NEGATIVE"
"Dù lịch học dày nhưng em vẫn vẫn học ổn tốt, không quá lo.","POSITIVE"
"Có lúc thấy cảm thấy bất an nhưng nhìn chung em vẫn hiểu được nội dung chính.","NEUTRAL"
"Em thích được học theo nhóm nhỏ hơn, trao đổi được nhiều hơn.","POSITIVE"
"Dù đã cố gắng nhưng em vẫn cứ thấy kiệt sức, không biết làm thế nào.","NEGATIVE"
"Tuy cảm thấy bất an nhưng nhìn chung em vẫn làm được bài tập.","NEUTRAL"
"Em cũng muốn ổn định lắm nhưng hiện tại chỉ thấy cảm thấy bất an thôi.","NEGATIVE"
"Dù bài hơi khó, em vẫn cảm thấy ổn và theo kịp bài được.","POSITIVE"
"Em cũng muốn vượt qua dễ dàng lắm nhưng hiện tại chỉ thấy không theo kịp thôi.","NEGATIVE"
"Do thiếu ngủ liên tục mấy ngày kéo dài, em trở nên dễ nản với xung quanh, kể cả với việc làm thêm dù không muốn vậy.","NEGATIVE"
"Tâm trạng em tốt hơn hẳn, nhìn lại chi tiêu hàng tháng em thấy hài lòng ghê và dễ xử lý hơn trước.","POSITIVE"
"Có lúc thấy cảm thấy bất an nhưng nhìn chung em vẫn làm được bài tập.","NEUTRAL"
"Tuy mất động lực nhưng nhìn chung em vẫn vẫn học ổn.","NEUTRAL"
"Gần đây em cân đối được thời gian hơn nên sức đề kháng giảm không còn là áp lực lớn, em thấy dễ tiếp thu hơn.","POSITIVE"
"Dù hơi không tập trung được thật nhưng em vẫn đang theo kịp bài bình thường.","NEUTRAL"
"Nhờ tìm được phương pháp học phù hợp nên em có thêm năng lượng, thấy yên tâm hơn nhiều với mọi thứ, kể cả bài kiểm tra giữa kỳ.","POSITIVE"
"Tâm trạng em tốt hơn hẳn, nhìn lại bài kiểm tra giữa kỳ em thấy thấy tiến bộ rõ và dễ xử lý hơn trước.","POSITIVE"
"Hơi stress nặng nhưng em vẫn xử lý ổn mọi thứ.","NEUTRAL"
"Dạo này tinh thần em khá ổn, đối mặt với cảm giác bị hiểu lầm em thấy nhẹ đầu hơn nhiều và dễ chịu hơn trước.","POSITIVE"
"Dù hơi kiệt sức thật nhưng em vẫn đang xử lý ổn mọi thứ bình thường.","NEUTRAL"
"lịch học dày không làm em nản, em vẫn theo kịp bài như thường.","POSITIVE"
"Mặc dù mất động lực nhưng em vẫn vẫn học ổn được.","NEUTRAL"
"Cứ tưởng sẽ dễ ổn định hơn nhưng thực ra em đang kiệt sức nhiều lắm.","NEGATIVE"
"Tưởng sẽ cân bằng được nhưng cuối cùng em lại thấy quá tải thật sự.","NEGATIVE"
"Tưởng sẽ cân bằng được nhưng cuối cùng em lại thấy cảm thấy bất an.","NEGATIVE"
"Tưởng sẽ theo kịp nhưng cuối cùng em lại thấy quá tải thật sự.","NEGATIVE"
"Mỗi lần tới môn này là em thấy nặng nề hẳn.","NEGATIVE"
"Dù hơi cáu gắt liên tục thật nhưng em vẫn đang xử lý ổn mọi thứ bình thường.","NEUTRAL"
"Tình hình cá nhân chưa ổn định nên việc tìm kiếm thực tập cũng chỉ dừng ở mức khá ổn như vậy.","NEUTRAL"
"Mặc dù bực bội không kiểm soát được nhưng em vẫn theo kịp bài được.","NEUTRAL"
"Có lúc thấy không theo kịp nhưng nhìn chung em vẫn xử lý ổn mọi thứ.","NEUTRAL"
"Tưởng sẽ vượt qua dễ dàng nhưng cuối cùng em lại thấy cảm thấy bất an.","NEGATIVE"
"Cứ tưởng sẽ dễ vượt qua dễ dàng hơn nhưng thực ra em đang cảm thấy bất an nhiều lắm.","NEGATIVE"
"Dù tiến độ nhanh, em vẫn cảm thấy ổn và hiểu được nội dung chính được.","POSITIVE"
"Nhờ áp lực gia đình giảm bớt nên em có thêm năng lượng, thấy yên tâm hơn nhiều với mọi thứ, kể cả áp lực thi cử.","POSITIVE"
"Cứ tưởng sẽ dễ hiểu bài hơn nhưng thực ra em đang kiệt sức nhiều lắm.","NEGATIVE"
"Tuy không tập trung được nhưng nhìn chung em vẫn làm được bài tập.","NEUTRAL"
"Mặc dù quá tải thật sự nhưng em vẫn theo kịp bài được.","NEUTRAL"
"Em cũng muốn vượt qua dễ dàng lắm nhưng hiện tại chỉ thấy stress nặng thôi.","NEGATIVE"
"Mặc dù cáu gắt liên tục nhưng em vẫn xử lý ổn mọi thứ được.","NEUTRAL"
"Dạo này sinh hoạt của em hơi rối nên mục tiêu cá nhân cũng chỉ ở mức chưa có cảm xúc gì mạnh, chưa có gì nổi bật.","NEUTRAL"
"Tưởng sẽ ổn định nhưng cuối cùng em lại thấy mất động lực.","NEGATIVE"
"Mặc dù stress nặng nhưng em vẫn xử lý ổn mọi thứ được.","NEUTRAL"
"Gần đây em cân đối được thời gian hơn nên tài liệu học tập không còn là áp lực lớn, em thấy vui vì hiểu ra rồi.","POSITIVE"
"Em đang rất stress, bài nhiều mà thời gian không đủ.","NEGATIVE"
"Em cũng muốn học tốt lắm nhưng hiện tại chỉ thấy cảm thấy bất an thôi.","NEGATIVE"
"Gần đây em cân đối được thời gian hơn nên kỳ thi cuối kỳ không còn là áp lực lớn, em thấy tự tin hơn trước nhiều.","POSITIVE"
"Em cũng muốn vượt qua dễ dàng lắm nhưng hiện tại chỉ thấy bực bội không kiểm soát được thôi.","NEGATIVE"
"Cứ tưởng sẽ dễ học tốt hơn nhưng thực ra em đang không theo kịp nhiều lắm.","NEGATIVE"
"Dù áp lực vì tiến độ nhanh nhưng cuối cùng em vẫn giữ được tâm lý tốt.","POSITIVE"
"Thầy dạy dễ hiểu lắm, em theo kịp hết.","POSITIVE"
"Dạo này tinh thần em khá ổn, đối mặt với feedback từ thầy cô em thấy thấy tiến bộ rõ và dễ chịu hơn trước.","POSITIVE"
"Dù hơi quá tải thật sự thật nhưng em vẫn đang vẫn học ổn bình thường.","NEUTRAL"
"Dù áp lực vì thiếu ngủ nhưng cuối cùng em vẫn giữ được tâm lý tốt.","POSITIVE"
"Có lúc thấy mất động lực nhưng nhìn chung em vẫn vẫn học ổn.","NEUTRAL"
"Tưởng sẽ hiểu bài nhưng cuối cùng em lại thấy bực bội không kiểm soát được.","NEGATIVE"
"bài hơi khó không làm em nản, em vẫn làm được bài tập như thường.","POSITIVE"
"Dạo này em đang gặp chuyện áp lực từ nhiều môn cùng lúc, vì thế khi đối mặt với kế hoạch sau tốt nghiệp cứ thấy tê liệt không muốn làm gì và khó tập trung.","NEGATIVE"
"Em chưa quyết định được hướng đi nên mọi thứ, kể cả cảm giác mất phương hướng, vẫn còn ở mức trung bình.","NEUTRAL"
"Dạo này tinh thần em khá ổn, đối mặt với chuyện tình cảm em thấy thấy tiến bộ rõ và dễ chịu hơn trước.","POSITIVE"
"Cứ tưởng sẽ dễ vượt qua dễ dàng hơn nhưng thực ra em đang quá tải thật sự nhiều lắm.","NEGATIVE"
"deadline nhiều không làm em nản, em vẫn theo kịp bài như thường.","POSITIVE"
"Vì không có tài liệu rõ ràng nên dù bạn bè trong lớp không hẳn là quá khó, em vẫn cứ thấy nặng nề trong lòng liên tục.","NEGATIVE"
"Em cảm thấy được hỗ trợ nhiều, không bị bơ như các môn khác.","POSITIVE"
"Gần đây em cân đối được thời gian hơn nên chuyện gia đình không còn là áp lực lớn, em thấy phấn khởi hơn nhiều.","POSITIVE"
"Tâm trạng em tốt hơn hẳn, nhìn lại đi lại hàng ngày em thấy hài lòng ghê và dễ xử lý hơn trước.","POSITIVE"
"Hơi đuối sức nhưng em vẫn giữ được tâm lý tốt.","NEUTRAL"
"Có lúc thấy không tập trung được nhưng nhìn chung em vẫn xử lý ổn mọi thứ.","NEUTRAL"
"Dù đã cố gắng nhưng em vẫn cứ thấy mất động lực, không biết làm thế nào.","NEGATIVE"
"Dù hơi mất động lực thật nhưng em vẫn đang vẫn học ổn bình thường.","NEUTRAL"
"Dù hơi quá tải thật sự thật nhưng em vẫn đang giữ được tâm lý tốt bình thường.","NEUTRAL"
"Dù lịch học dày, em vẫn cảm thấy ổn và làm được bài tập được.","POSITIVE"
"Cứ tưởng sẽ dễ vượt qua dễ dàng hơn nhưng thực ra em đang mất động lực nhiều lắm.","NEGATIVE"
"Dạo này tinh thần em khá ổn, đối mặt với cân bằng học và nghỉ ngơi em thấy yên tâm hơn nhiều và dễ chịu hơn trước.","POSITIVE"
"Mặc dù mất động lực nhưng em vẫn hiểu được nội dung chính được.","NEUTRAL"
"Tuy đuối sức nhưng nhìn chung em vẫn theo kịp bài.","NEUTRAL"
"Tâm trạng em tốt hơn hẳn, nhìn lại sức đề kháng giảm em thấy yên tâm hơn nhiều và dễ xử lý hơn trước.","POSITIVE"
"Em biết nhóm không làm việc được với nhau không phải lỗi của ai nhưng cứ thấy nặng nề trong lòng và không kiểm soát được cảm xúc.","NEGATIVE"
"Dù áp lực vì áp lực thi cử nhưng cuối cùng em vẫn làm được bài tập.","POSITIVE"
"Tưởng sẽ cân bằng được nhưng cuối cùng em lại thấy kiệt sức.","NEGATIVE"
"Dạo này em đang gặp chuyện thiếu ngủ liên tục mấy ngày, vì thế khi đối mặt với sức khoẻ thể chất cứ thấy không thoải mái và khó tập trung.","NEGATIVE"
"Dạo này em đang gặp chuyện không có tài liệu rõ ràng, vì thế khi đối mặt với kế hoạch sau tốt nghiệp cứ thấy mất động lực và khó tập trung.","NEGATIVE"
"Tuy kiệt sức nhưng nhìn chung em vẫn vẫn học ổn.","NEUTRAL"
"Hơi cáu gắt liên tục nhưng em vẫn làm được bài tập.","NEUTRAL"
"Hơi không tập trung được nhưng em vẫn làm được bài tập.","NEUTRAL"
"Tuy cáu gắt liên tục nhưng nhìn chung em vẫn hiểu được nội dung chính.","NEUTRAL"
"Tuy stress nặng nhưng nhìn chung em vẫn theo kịp bài.","NEUTRAL"
"Mặc dù kiệt sức nhưng em vẫn vẫn học ổn được.","NEUTRAL"
"Mặc dù mất động lực nhưng em vẫn xử lý ổn mọi thứ được.","NEUTRAL"
"Do áp lực từ nhiều môn cùng lúc kéo dài, em trở nên rất áp lực với xung quanh, kể cả với giấc ngủ dù không muốn vậy.","NEGATIVE"
"Có lúc thấy cáu gắt liên tục nhưng nhìn chung em vẫn theo kịp bài.","NEUTRAL"
"Bình thường, em không thấy khó hơn các kỳ trước.","NEUTRAL"
"Dù hơi bực bội không kiểm soát được thật nhưng em vẫn đang xử lý ổn mọi thứ bình thường.","NEUTRAL"
"Dù áp lực vì deadline nhiều nhưng cuối cùng em vẫn hiểu được nội dung chính.","POSITIVE"
"Tâm trạng em tốt hơn hẳn, nhìn lại áp lực thi cử em thấy khá tự tin và dễ xử lý hơn trước.","POSITIVE"
"Tưởng sẽ hiểu bài nhưng cuối cùng em lại thấy rất mệt mỏi.","NEGATIVE"
"Tưởng sẽ học tốt nhưng cuối cùng em lại thấy rất mệt mỏi.","NEGATIVE"
"Tuy mất động lực nhưng nhìn chung em vẫn làm được bài tập.","NEUTRAL"
"Mặc dù stress nặng nhưng em vẫn vẫn học ổn được.","NEUTRAL"
"áp lực thi cử không làm em nản, em vẫn làm được bài tập như thường.","POSITIVE"
"thiếu ngủ không làm em nản, em vẫn xử lý ổn mọi thứ như thường.","POSITIVE"
"Cứ tưởng sẽ dễ cân bằng được hơn nhưng thực ra em đang kiệt sức nhiều lắm.","NEGATIVE"
"Cứ nghĩ mọi thứ sẽ ổn hơn nhưng em lại thấy đuối sức hoài.","NEGATIVE"
"Tuy không theo kịp nhưng nhìn chung em vẫn xử lý ổn mọi thứ.","NEUTRAL"
"Dạo này em đang gặp chuyện cảm thấy cô đơn và không có ai chia sẻ, vì thế khi đối mặt với cảm giác bị hiểu lầm cứ thấy đầu óc quay tít và khó tập trung.","NEGATIVE"
"Dù đã cố gắng nhưng em vẫn cứ thấy không theo kịp, không biết làm thế nào.","NEGATIVE"
"Dạo này tinh thần em khá ổn, đối mặt với chuyện gia đình em thấy yên tâm hơn nhiều và dễ chịu hơn trước.","POSITIVE"
"Em biết mất ngủ liên tục mấy tuần nay không phải lỗi của ai nhưng cứ thấy đuối sức và không kiểm soát được cảm xúc.","NEGATIVE"
"Dạo này em dễ bực bội với mọi thứ, cảm giác như sắp bùng phát đến nơi.","NEGATIVE"
"Dù hơi stress nặng thật nhưng em vẫn đang giữ được tâm lý tốt bình thường.","NEUTRAL"
"Tuy cảm thấy bất an nhưng nhìn chung em vẫn xử lý ổn mọi thứ.","NEUTRAL"
"Dù áp lực vì bài hơi khó nhưng cuối cùng em vẫn giữ được tâm lý tốt.","POSITIVE"
"Vì deadline dồn vào một tuần nên dù việc làm thêm không hẳn là quá khó, em vẫn cứ thấy cáu gắt và mất kiên nhẫn liên tục.","NEGATIVE"
"Em đang phải vừa lo sức khoẻ không tốt dạo này vừa lo cảm giác bị hiểu lầm, cảm giác không thoải mái thật sự, không biết trụ được bao lâu.","NEGATIVE"
"Em biết chuyện gia đình làm em phân tâm không phải lỗi của ai nhưng cứ thấy lo lắng không yên và không kiểm soát được cảm xúc.","NEGATIVE"
"Có lúc thấy không theo kịp nhưng nhìn chung em vẫn vẫn học ổn.","NEUTRAL"
"Dạo này tinh thần em khá ổn, đối mặt với sức khoẻ thể chất em thấy yên tâm hơn nhiều và dễ chịu hơn trước.","POSITIVE"
"Gần đây em cân đối được thời gian hơn nên kế hoạch sau tốt nghiệp không còn là áp lực lớn, em thấy nhẹ đầu hơn nhiều.","POSITIVE"
"Dù đã cố gắng nhưng em vẫn cứ thấy stress nặng, không biết làm thế nào.","NEGATIVE"
"Cứ tưởng sẽ dễ vượt qua dễ dàng hơn nhưng thực ra em đang cáu gắt liên tục nhiều lắm.","NEGATIVE"
"Học nhóm hiệu quả ghê, em thích kiểu học này.","POSITIVE"
"Cứ nghĩ mọi thứ sẽ ổn hơn nhưng em lại thấy quá tải thật sự hoài.","NEGATIVE"
"Tưởng sẽ hiểu bài nhưng cuối cùng em lại thấy không tập trung được.","NEGATIVE"
"Do deadline dồn vào một tuần kéo dài, em trở nên căng thẳng với xung quanh, kể cả với bài thực hành dù không muốn vậy.","NEGATIVE"
"Em chưa quyết định được hướng đi nên mọi thứ, kể cả bài kiểm tra giữa kỳ, vẫn còn không có gì nổi bật.","NEUTRAL"
"Mặc dù cảm thấy bất an nhưng em vẫn theo kịp bài được.","NEUTRAL"
"Có lúc thấy đuối sức nhưng nhìn chung em vẫn hiểu được nội dung chính.","NEUTRAL"
"Em cũng muốn theo kịp lắm nhưng hiện tại chỉ thấy kiệt sức thôi.","NEGATIVE"
"Dù tiến độ nhanh nhưng em vẫn hiểu được nội dung chính tốt, không quá lo.","POSITIVE"
"Chuyện cứ thất bại hoài không biết sai ở đâu đang ảnh hưởng nhiều, cứ tiếp cận cảm giác cô đơn mà em luôn trong trạng thái nản lắm rồi mấy ngày nay.","NEGATIVE"
"Chuyện nhóm không làm việc được với nhau đang ảnh hưởng nhiều, cứ tiếp cận chuyện gia đình mà em luôn trong trạng thái kiệt sức mấy ngày nay.","NEGATIVE"
"Dù deadline nhiều, em vẫn cảm thấy ổn và giữ được tâm lý tốt được.","POSITIVE"
"Dù áp lực thi cử, em vẫn cảm thấy ổn và xử lý ổn mọi thứ được.","POSITIVE"
"bài hơi khó không làm em nản, em vẫn giữ được tâm lý tốt như thường.","POSITIVE"
"Tưởng sẽ ổn định nhưng cuối cùng em lại thấy stress nặng.","NEGATIVE"
"Nhờ được hướng dẫn chi tiết nên em có thêm năng lượng, thấy khá tự tin với mọi thứ, kể cả việc ăn uống.","POSITIVE"
"Dạo này tinh thần em khá ổn, đối mặt với định hướng nghề nghiệp em thấy tự tin hơn trước nhiều và dễ chịu hơn trước.","POSITIVE"
"Vì kỳ vọng của gia đình quá lớn nên dù chỗ ở trọ không hẳn là quá khó, em vẫn cứ thấy cáu gắt và mất kiên nhẫn liên tục.","NEGATIVE"
"Dù áp lực vì thiếu ngủ nhưng cuối cùng em vẫn theo kịp bài.","POSITIVE"
"Nhờ sắp xếp được thời gian hợp lý nên em có thêm năng lượng, thấy phấn khởi hơn nhiều với mọi thứ, kể cả bài kiểm tra giữa kỳ.","POSITIVE"
"Tuy kiệt sức nhưng nhìn chung em vẫn theo kịp bài.","NEUTRAL"
"Tuy cáu gắt liên tục nhưng nhìn chung em vẫn vẫn học ổn.","NEUTRAL"
"Tuy stress nặng nhưng nhìn chung em vẫn giữ được tâm lý tốt.","NEUTRAL"
"Mặc dù cáu gắt liên tục nhưng em vẫn theo kịp bài được.","NEUTRAL"
"Em biết nhóm không làm việc được với nhau không phải lỗi của ai nhưng cứ thấy cáu gắt và mất kiên nhẫn và không kiểm soát được cảm xúc.","NEGATIVE"
"Bài giảng nhanh quá, em ghi không kịp chứ chưa nói hiểu.","NEGATIVE"
"Feedback của cô rất cụ thể, em biết cần sửa chỗ nào.","POSITIVE"
"Mặc dù cáu gắt liên tục nhưng em vẫn vẫn học ổn được.","NEUTRAL"
"Cứ tưởng sẽ dễ học tốt hơn nhưng thực ra em đang không tập trung được nhiều lắm.","NEGATIVE"
"Có lúc thấy cảm thấy bất an nhưng nhìn chung em vẫn giữ được tâm lý tốt.","NEUTRAL"
"Dù hơi rất mệt mỏi thật nhưng em vẫn đang theo kịp bài bình thường.","NEUTRAL"
"Tâm trạng em tốt hơn hẳn, nhìn lại lo ngại về việc làm em thấy tự tin hơn trước nhiều và dễ xử lý hơn trước.","POSITIVE"
"áp lực thi cử không làm em nản, em vẫn vẫn học ổn như thường.","POSITIVE"
"Nhờ sắp xếp được thời gian hợp lý nên em có thêm năng lượng, thấy vui vì hiểu ra rồi với mọi thứ, kể cả mức năng lượng hàng ngày.","POSITIVE"
"Có lúc thấy stress nặng nhưng nhìn chung em vẫn vẫn học ổn.","NEUTRAL"
"Em cũng muốn ổn định lắm nhưng hiện tại chỉ thấy bực bội không kiểm soát được thôi.","NEGATIVE"
"Nhờ em chủ động hỏi thêm nên em có thêm năng lượng, thấy tự tin hơn trước nhiều với mọi thứ, kể cả chỗ ở trọ.","POSITIVE"
"Em thấy yên tâm hơn sau khi hỏi thầy.","POSITIVE"
"Dạo này sinh hoạt của em hơi rối nên deadline bài tập cũng chỉ ở mức vừa phải, chưa có gì nổi bật.","NEUTRAL"
"Vì cứ thất bại hoài không biết sai ở đâu nên dù cảm giác bị hiểu lầm không hẳn là quá khó, em vẫn cứ thấy dễ nản liên tục.","NEGATIVE"
"Em hay cáu gắt và mất động lực dạo này, chắc do áp lực thi cử tích tụ lâu quá.","NEGATIVE"
"Có lúc thấy cáu gắt liên tục nhưng nhìn chung em vẫn xử lý ổn mọi thứ.","NEUTRAL"
"Nhìn vào bài tập là em thấy tê liệt, không muốn bắt đầu gì hết.","NEGATIVE"
"Do deadline dồn vào một tuần kéo dài, em trở nên rất áp lực với xung quanh, kể cả với feedback từ thầy cô dù không muốn vậy.","NEGATIVE"
"Dù hơi mất động lực thật nhưng em vẫn đang giữ được tâm lý tốt bình thường.","NEUTRAL"
"Gần đây em cân đối được thời gian hơn nên việc ăn uống không còn là áp lực lớn, em thấy tự tin hơn trước nhiều.","POSITIVE"
"Em đang phải vừa lo cứ thất bại hoài không biết sai ở đâu vừa lo áp lực thi cử, cảm giác mất động lực thật sự, không biết trụ được bao lâu.","NEGATIVE"
"Nhờ tài liệu rõ ràng hơn nên em có thêm năng lượng, thấy khá tự tin với mọi thứ, kể cả chuyện tình cảm.","POSITIVE"
"Mặc dù bực bội không kiểm soát được nhưng em vẫn làm được bài tập được.","NEUTRAL"
"Mặc dù cáu gắt liên tục nhưng em vẫn làm được bài tập được.","NEUTRAL"
"Dù hơi mất động lực thật nhưng em vẫn đang hiểu được nội dung chính bình thường.","NEUTRAL"
